-- --------------------------------------------------------
-- 主机:                           127.0.0.1
-- 服务器版本:                        5.6.26 - MySQL Community Server (GPL)
-- 服务器操作系统:                      Win32
-- HeidiSQL 版本:                  9.4.0.5125
-- --------------------------------------------------------

/*!40101 SET @OLD_CHARACTER_SET_CLIENT=@@CHARACTER_SET_CLIENT */;
/*!40101 SET NAMES utf8 */;
/*!50503 SET NAMES utf8mb4 */;
/*!40014 SET @OLD_FOREIGN_KEY_CHECKS=@@FOREIGN_KEY_CHECKS, FOREIGN_KEY_CHECKS=0 */;
/*!40101 SET @OLD_SQL_MODE=@@SQL_MODE, SQL_MODE='NO_AUTO_VALUE_ON_ZERO' */;


-- 导出 onlinemeeting 的数据库结构
CREATE DATABASE IF NOT EXISTS `onlinemeeting` /*!40100 DEFAULT CHARACTER SET utf8 COLLATE utf8_bin */;
USE `onlinemeeting`;

-- 导出  表 onlinemeeting.address 结构
CREATE TABLE IF NOT EXISTS `address` (
  `addressID` int(5) NOT NULL,
  `meetingAddress` varchar(50) COLLATE utf8_bin NOT NULL,
  `addressStatus` enum('开放','未开放') COLLATE utf8_bin NOT NULL,
  `openTime` datetime NOT NULL,
  `closeTime` datetime NOT NULL,
  `createUser` varchar(20) COLLATE utf8_bin DEFAULT NULL,
  PRIMARY KEY (`addressID`)
) ENGINE=InnoDB DEFAULT CHARSET=utf8 COLLATE=utf8_bin;

-- 正在导出表  onlinemeeting.address 的数据：~8 rows (大约)
/*!40000 ALTER TABLE `address` DISABLE KEYS */;
INSERT INTO `address` (`addressID`, `meetingAddress`, `addressStatus`, `openTime`, `closeTime`, `createUser`) VALUES
	(0, '第一实验楼214', '未开放', '2019-04-20 11:12:00', '2019-05-20 16:12:00', '超级管理员'),
	(1, '国家体育馆', '开放', '2019-04-01 11:12:00', '2019-05-20 11:12:00', '超级管理员'),
	(2, '龙湖剧场', '开放', '2019-04-18 11:12:00', '2019-05-20 18:12:00', '超级管理员'),
	(3, '四川省体育馆', '开放', '2019-04-28 11:12:00', '2019-05-20 11:12:00', '超级管理员'),
	(4, '办公楼401', '未开放', '2019-04-01 11:12:00', '2019-05-20 11:12:00', '超级管理员'),
	(5, '办公楼409', '未开放', '2019-04-20 11:12:00', '2019-05-20 11:12:00', '超级管理员'),
	(8, '7栋214', '开放', '2019-04-04 12:00:00', '2019-04-18 18:00:00', ''),
	(9, '国家会议室', '开放', '2019-04-30 12:00:00', '2019-05-15 12:03:00', '刘鑫');
/*!40000 ALTER TABLE `address` ENABLE KEYS */;

-- 导出  表 onlinemeeting.businesslog 结构
CREATE TABLE IF NOT EXISTS `businesslog` (
  `name` varchar(20) COLLATE utf8_bin DEFAULT NULL,
  `operateTime` datetime DEFAULT NULL,
  `module` varchar(20) COLLATE utf8_bin DEFAULT NULL,
  `operate` varchar(20) COLLATE utf8_bin DEFAULT NULL,
  `parameter` varchar(30) COLLATE utf8_bin DEFAULT NULL
) ENGINE=InnoDB DEFAULT CHARSET=utf8 COLLATE=utf8_bin;

-- 正在导出表  onlinemeeting.businesslog 的数据：~727 rows (大约)
/*!40000 ALTER TABLE `businesslog` DISABLE KEYS */;
INSERT INTO `businesslog` (`name`, `operateTime`, `module`, `operate`, `parameter`) VALUES
	('刘鑫', '2019-04-11 00:00:00', '会议管理', '查看全部会议', 'name=刘鑫'),
	('刘鑫', '2019-04-11 00:00:00', '主页', '查看个人会议', 'userID=1'),
	('刘鑫', '2019-04-11 00:00:00', '会议管理', '查看全部会议', 'name=刘鑫'),
	('刘鑫', '2019-04-11 00:00:00', '会议管理', '查看全部会议', 'name=刘鑫'),
	('刘鑫', '2019-04-11 00:00:00', '会议管理', '查看全部会议', 'name=刘鑫'),
	('刘鑫', '2019-04-11 00:00:00', '会议管理', '查看全部会议', 'name=刘鑫'),
	('刘鑫', '2019-04-11 00:00:00', '会议管理', '查看全部会议', 'name=刘鑫'),
	('刘鑫', '2019-04-11 00:00:00', '会议管理', '查看全部会议', 'name=刘鑫'),
	('刘鑫', '2019-04-11 00:00:00', '会议管理', '查看全部会议', 'name=刘鑫'),
	('null', '2019-04-11 00:00:00', '个人中心', '查看个人资料', 'userID=1'),
	('null', '2019-04-11 00:00:00', '个人中心', '查看个人资料', 'userID=1'),
	('null', '2019-04-11 00:00:00', '个人中心', '查看个人资料', 'userID=1'),
	('刘鑫', '2019-04-11 00:00:00', '主页', '查看个人会议', 'userID=1'),
	('刘鑫', '2019-04-11 00:00:00', '会议管理', '查看会议纪要', 'name=刘鑫'),
	('刘鑫', '2019-04-11 00:00:00', '会议管理', '查看会议纪要', 'name=刘鑫'),
	('刘鑫', '2019-04-11 00:00:00', '会议管理', '查看会议纪要', 'name=刘鑫'),
	('刘鑫', '2019-04-11 00:00:00', '会议管理', '查看会议纪要', 'name=刘鑫'),
	('刘鑫', '2019-04-11 00:00:00', '会议管理', '查看会议纪要', 'name=刘鑫'),
	('刘鑫', '2019-04-11 00:00:00', '会议管理', '查看会议纪要', 'name=刘鑫'),
	('刘鑫', '2019-04-11 00:00:00', '会议管理', '查看会议纪要', 'name=刘鑫'),
	('刘鑫', '2019-04-11 00:00:00', '会议管理', '查看会议纪要', 'name=刘鑫'),
	('刘鑫', '2019-04-11 00:00:00', '会议管理', '查看会议纪要', 'name=刘鑫'),
	('刘鑫', '2019-04-11 00:00:00', '会议管理', '查看会议纪要', 'name=刘鑫'),
	('刘鑫', '2019-04-11 00:00:00', '会议管理', '查看会议纪要', 'name=刘鑫'),
	('刘鑫', '2019-04-11 00:00:00', '会议管理', '查看会议纪要', 'name=刘鑫'),
	('刘鑫', '2019-04-11 00:00:00', '会议管理', '查看会议纪要', 'name=刘鑫'),
	('刘鑫', '2019-04-11 00:00:00', '会议管理', '查看全部会议', 'name=刘鑫'),
	('undefined', '2019-04-11 00:00:00', '主页', '查看个人会议', 'userID=0'),
	('undefined', '2019-04-11 00:00:00', '主页', '查看个人会议', 'userID=0'),
	('刘鑫', '2019-04-11 00:00:00', '主页', '查看个人会议', 'userID=1'),
	('刘鑫', '2019-04-11 00:00:00', '会议管理', '查看全部会议', 'name=刘鑫'),
	('刘鑫', '2019-04-11 00:00:00', '会议管理', '查看全部会议', 'name=刘鑫'),
	('刘鑫', '2019-04-12 00:00:00', '主页', '查看个人会议', 'userID=1'),
	('null', '2019-04-12 00:00:00', '个人中心', '查看个人资料', 'userID=1'),
	('null', '2019-04-12 00:00:00', '个人中心', '查看个人资料', 'userID=1'),
	('null', '2019-04-12 00:00:00', '个人中心', '查看个人资料', 'userID=1'),
	('刘鑫', '2019-04-12 00:00:00', '主页', '查看个人会议', 'userID=1'),
	('刘鑫', '2019-04-12 00:00:00', '会议管理', '查看全部会议', 'name=刘鑫'),
	('刘鑫', '2019-04-12 00:00:00', '会议管理', '查看全部会议', 'name=刘鑫'),
	('刘鑫', '2019-04-12 00:00:00', '会议管理', '查看全部会议', 'name=刘鑫'),
	('刘鑫', '2019-04-12 00:00:00', '会议管理', '查看全部会议', 'name=刘鑫'),
	('刘鑫', '2019-04-12 00:00:00', '会议管理', '查看全部会议', 'name=刘鑫'),
	('刘鑫', '2019-04-12 00:00:00', '会议管理', '查看全部会议', 'name=刘鑫'),
	('刘鑫', '2019-04-12 00:00:00', '会议管理', '查看全部会议', 'name=刘鑫'),
	('刘鑫', '2019-04-12 00:00:00', '会议管理', '查看全部会议', 'name=刘鑫'),
	('刘鑫', '2019-04-12 00:00:00', '会议管理', '查看全部会议', 'name=刘鑫'),
	('刘鑫', '2019-04-12 00:00:00', '会议管理', '查看全部会议', 'name=刘鑫'),
	('刘鑫', '2019-04-12 00:00:00', '会议管理', '查看全部会议', 'name=刘鑫'),
	('刘鑫', '2019-04-12 00:00:00', '会议管理', '查看全部会议', 'name=刘鑫'),
	('刘鑫', '2019-04-12 00:00:00', '会议管理', '查看全部会议', 'name=刘鑫'),
	('刘鑫', '2019-04-12 00:00:00', '会议管理', '查看全部会议', 'name=刘鑫'),
	('刘鑫', '2019-04-12 00:00:00', '会议管理', '查看全部会议', 'name=刘鑫'),
	('刘鑫', '2019-04-12 00:00:00', '会议管理', '查看全部会议', 'name=刘鑫'),
	('刘鑫', '2019-04-12 00:00:00', '会议管理', '查看全部会议', 'name=刘鑫'),
	('刘鑫', '2019-04-12 00:00:00', '会议管理', '查看全部会议', 'name=刘鑫'),
	('刘鑫', '2019-04-12 00:00:00', '会议管理', '查看全部会议', 'name=刘鑫'),
	('刘鑫', '2019-04-12 00:00:00', '会议管理', '查看全部会议', 'name=刘鑫'),
	('刘鑫', '2019-04-12 00:00:00', '会议管理', '查看全部会议', 'name=刘鑫'),
	('刘鑫', '2019-04-12 00:00:00', '会议管理', '查看全部会议', 'name=刘鑫'),
	('刘鑫', '2019-04-12 00:00:00', '会议管理', '查看全部会议', 'name=刘鑫'),
	('刘鑫', '2019-04-12 00:00:00', '会议管理', '查看全部会议', 'name=刘鑫'),
	('刘鑫', '2019-04-12 00:00:00', '会议管理', '查看全部会议', 'name=刘鑫'),
	('刘鑫', '2019-04-12 00:00:00', '会议管理', '查看会议纪要', 'name=刘鑫'),
	('', '2019-04-12 05:00:43', '会议管理', '查看全部会议', 'name='),
	('', '2019-04-13 01:05:13', '会议管理', '查看全部会议', 'name='),
	('', '2019-04-13 01:05:17', '会议管理', '查看全部会议', 'name='),
	('', '2019-04-13 01:05:17', '会议管理', '查看全部会议', 'name='),
	('', '2019-04-13 01:05:21', '会议管理', '查看全部会议', 'name='),
	('', '2019-04-13 01:05:21', '会议管理', '查看全部会议', 'name='),
	('', '2019-04-13 01:05:22', '会议管理', '查看全部会议', 'name='),
	('', '2019-04-13 01:05:22', '会议管理', '查看全部会议', 'name='),
	('', '2019-04-13 01:05:23', '会议管理', '查看全部会议', 'name='),
	('', '2019-04-13 01:05:23', '会议管理', '查看全部会议', 'name='),
	('', '2019-04-13 01:05:28', '会议管理', '查看会议纪要', 'name='),
	('', '2019-04-13 01:05:33', '会议管理', '查看会议纪要', 'name='),
	('', '2019-04-13 01:05:33', '会议管理', '查看会议纪要', 'name='),
	('', '2019-04-13 01:07:34', '主页', '查看个人会议', 'userID='),
	('刘鑫', '2019-04-13 02:41:45', '主页', '查看个人会议', 'userID=1'),
	('刘鑫', '2019-04-13 02:41:54', '会议管理', '查看全部会议', 'name=刘鑫'),
	('', '2019-04-17 10:23:11', '主页', '查看个人会议', 'userID='),
	('', '2019-04-17 10:23:31', '主页', '查看个人会议', 'userID='),
	('', '2019-04-17 10:24:14', '主页', '查看个人会议', 'userID='),
	('', '2019-04-17 10:25:09', '主页', '查看个人会议', 'userID='),
	('', '2019-04-17 10:25:27', '主页', '查看个人会议', 'userID='),
	('', '2019-04-17 10:26:12', '主页', '查看个人会议', 'userID='),
	('', '2019-04-17 10:26:13', '主页', '查看个人会议', 'userID='),
	('', '2019-04-17 10:26:59', '主页', '查看个人会议', 'userID='),
	('', '2019-04-17 10:29:20', '主页', '查看个人会议', 'userID='),
	('', '2019-04-17 10:30:06', '主页', '查看个人会议', 'userID='),
	('', '2019-04-17 10:32:54', '主页', '查看个人会议', 'userID='),
	('', '2019-04-17 10:33:04', '主页', '查看个人会议', 'userID='),
	('刘鑫', '2019-04-17 10:33:21', '主页', '查看个人会议', 'userID=1'),
	('刘鑫', '2019-04-17 10:34:33', '主页', '查看个人会议', 'userID=1'),
	('', '2019-04-17 10:34:39', '主页', '查看个人会议', 'userID='),
	('刘鑫', '2019-04-17 10:34:48', '主页', '查看个人会议', 'userID=1'),
	('刘鑫', '2019-04-17 10:36:33', '主页', '查看个人会议', 'userID=1'),
	('刘鑫', '2019-04-17 10:36:43', '主页', '查看个人会议', 'userID=1'),
	('刘鑫', '2019-04-17 10:40:21', '主页', '查看个人会议', 'userID=1'),
	('刘鑫', '2019-04-17 10:40:28', '主页', '查看个人会议', 'userID=1'),
	('刘鑫', '2019-04-17 10:40:35', '主页', '查看个人会议', 'userID=1'),
	('刘鑫', '2019-04-17 10:40:37', '主页', '查看个人会议', 'userID=1'),
	('刘鑫', '2019-04-17 10:53:21', '主页', '查看个人会议', 'userID=1'),
	('刘鑫', '2019-04-17 10:54:04', '主页', '查看个人会议', 'userID=1'),
	('周七', '2019-04-17 10:55:09', '主页', '查看个人会议', 'userID=9'),
	('刘鑫', '2019-04-17 10:56:49', '主页', '查看个人会议', 'userID=1'),
	('刘鑫', '2019-04-17 10:58:20', '主页', '查看个人会议', 'userID=1'),
	('刘鑫', '2019-04-17 10:58:22', '主页', '查看个人会议', 'userID=1'),
	('刘鑫', '2019-04-17 10:58:49', '主页', '查看个人会议', 'userID=1'),
	('刘鑫', '2019-04-17 10:59:01', '主页', '查看个人会议', 'userID=1'),
	('刘鑫', '2019-04-17 10:59:03', '主页', '查看个人会议', 'userID=1'),
	('刘鑫', '2019-04-17 10:59:26', '主页', '查看个人会议', 'userID=1'),
	('刘鑫', '2019-04-17 10:59:46', '主页', '查看个人会议', 'userID=1'),
	('刘鑫', '2019-04-17 11:00:02', '主页', '查看个人会议', 'userID=1'),
	('刘鑫', '2019-04-17 11:01:01', '主页', '查看个人会议', 'userID=1'),
	('刘鑫', '2019-04-17 11:01:16', '主页', '查看个人会议', 'userID=1'),
	('刘鑫', '2019-04-17 11:01:26', '主页', '查看个人会议', 'userID=1'),
	('刘鑫', '2019-04-17 11:01:53', '主页', '查看个人会议', 'userID=1'),
	('刘鑫', '2019-04-17 11:02:00', '主页', '查看个人会议', 'userID=1'),
	('刘鑫', '2019-04-17 11:02:10', '主页', '查看个人会议', 'userID=1'),
	('刘鑫', '2019-04-17 11:02:15', '主页', '查看个人会议', 'userID=1'),
	('刘鑫', '2019-04-17 11:02:27', '主页', '查看个人会议', 'userID=1'),
	('', '2019-04-17 11:02:33', '主页', '查看个人会议', 'userID='),
	('刘鑫', '2019-04-17 11:02:41', '主页', '查看个人会议', 'userID=1'),
	('刘鑫', '2019-04-17 11:03:09', '主页', '查看个人会议', 'userID=1'),
	('刘鑫', '2019-04-17 11:55:08', '会议管理', '查看全部会议', 'name=刘鑫'),
	('刘鑫', '2019-04-17 11:55:23', '会议管理', '查看全部会议', 'name=刘鑫'),
	('刘鑫', '2019-04-17 11:57:27', '主页', '查看个人会议', 'userID=1'),
	('刘鑫', '2019-04-17 11:57:35', '会议管理', '查看会议纪要', 'name=刘鑫'),
	('刘鑫', '2019-04-17 11:57:42', '会议管理', '查看会议纪要', 'name=刘鑫'),
	('刘鑫', '2019-04-17 11:57:46', '会议管理', '查看会议纪要', 'name=刘鑫'),
	('null', '2019-04-17 11:58:40', '个人中心', '查看个人资料', 'userID=1'),
	('null', '2019-04-17 12:01:33', '个人中心', '查看个人资料', 'userID=1'),
	('null', '2019-04-17 12:01:37', '个人中心', '查看个人资料', 'userID=1'),
	('刘鑫', '2019-04-17 12:02:09', '会议管理', '查看会议纪要', 'name=刘鑫'),
	('刘鑫', '2019-04-17 12:02:15', '会议管理', '查看会议纪要', 'name=刘鑫'),
	('刘鑫', '2019-04-17 12:02:20', '主页', '查看个人会议', 'userID=1'),
	('刘鑫', '2019-04-17 12:05:17', '会议管理', '查看全部会议', 'name=刘鑫'),
	('刘鑫', '2019-04-17 12:06:40', '会议管理', '查看全部会议', 'name=刘鑫'),
	('刘鑫', '2019-04-17 12:06:46', '会议管理', '查看全部会议', 'name=刘鑫'),
	('刘鑫', '2019-04-17 12:26:05', '主页', '查看个人会议', 'userID=1'),
	('张三', '2019-04-17 12:26:21', '主页', '查看个人会议', 'userID=5'),
	('周七', '2019-04-17 12:26:52', '主页', '查看个人会议', 'userID=9'),
	('刘鑫', '2019-04-17 12:32:48', '主页', '查看个人会议', 'userID=1'),
	('刘鑫', '2019-04-17 06:59:18', '主页', '查看个人会议', 'userID=1'),
	('刘鑫', '2019-04-18 03:52:24', '主页', '查看个人会议', 'userID=1'),
	('刘鑫', '2019-04-18 09:20:12', '主页', '查看个人会议', 'userID=1'),
	('刘鑫', '2019-04-18 09:20:16', '会议管理', '查看全部会议', 'name=刘鑫'),
	('刘鑫', '2019-04-18 09:24:46', '主页', '查看个人会议', 'userID=1'),
	('刘鑫', '2019-04-18 10:22:19', '会议管理', '查看会议纪要', 'name=刘鑫'),
	('刘鑫', '2019-04-18 10:22:21', '会议管理', '查看会议纪要', 'name=刘鑫'),
	('刘鑫', '2019-04-18 10:22:21', '会议管理', '查看会议纪要', 'name=刘鑫'),
	('刘鑫', '2019-04-18 10:22:23', '会议管理', '查看会议纪要', 'name=刘鑫'),
	('刘鑫', '2019-04-18 10:22:23', '会议管理', '查看会议纪要', 'name=刘鑫'),
	('刘鑫', '2019-04-18 10:34:14', '会议管理', '查看会议纪要', 'name=刘鑫'),
	('刘鑫', '2019-04-18 10:34:16', '会议管理', '查看会议纪要', 'name=刘鑫'),
	('刘鑫', '2019-04-18 10:34:16', '会议管理', '查看会议纪要', 'name=刘鑫'),
	('', '2019-04-19 04:47:06', '会议管理', '查看全部会议', 'name='),
	('', '2019-04-19 04:47:59', '会议管理', '查看全部会议', 'name='),
	('', '2019-04-19 04:48:11', '会议管理', '查看全部会议', 'name='),
	('', '2019-04-19 04:48:43', '会议管理', '查看全部会议', 'name='),
	('', '2019-04-19 04:50:47', '会议管理', '查看全部会议', 'name='),
	('', '2019-04-19 04:50:50', '会议管理', '查看全部会议', 'name='),
	('', '2019-04-19 04:54:29', '会议管理', '查看全部会议', 'name='),
	('刘鑫', '2019-04-20 04:49:17', '主页', '查看个人会议', 'userID=1'),
	('刘鑫', '2019-04-20 04:51:55', '主页', '查看个人会议', 'userID=1'),
	('刘鑫', '2019-04-21 12:39:11', '主页', '查看个人会议', 'userID=1'),
	('', '2019-04-21 12:39:23', '主页', '查看个人会议', 'userID='),
	('', '2019-04-21 12:42:06', '主页', '查看个人会议', 'userID='),
	('', '2019-04-21 12:42:14', '主页', '查看个人会议', 'userID='),
	('刘鑫', '2019-04-21 12:54:51', '主页', '查看个人会议', 'userID=1'),
	('刘鑫', '2019-04-21 12:55:59', '主页', '查看个人会议', 'userID=1'),
	('', '2019-04-21 12:56:31', '主页', '查看个人会议', 'userID='),
	('', '2019-04-21 12:56:31', '主页', '查看个人会议', 'userID='),
	('刘鑫', '2019-04-21 12:56:34', '主页', '查看个人会议', 'userID=1'),
	('刘鑫', '2019-04-21 12:56:46', '主页', '查看个人会议', 'userID=1'),
	('', '2019-04-21 12:58:08', '主页', '查看个人会议', 'userID='),
	('刘鑫', '2019-04-21 12:58:16', '主页', '查看个人会议', 'userID=1'),
	('刘鑫', '2019-04-21 01:00:05', '主页', '查看个人会议', 'userID=1'),
	('刘鑫', '2019-04-21 01:00:31', '主页', '查看个人会议', 'userID=1'),
	('刘鑫', '2019-04-21 01:02:10', '主页', '查看个人会议', 'userID=1'),
	('刘鑫', '2019-04-21 01:03:10', '主页', '查看个人会议', 'userID=1'),
	('刘鑫', '2019-04-21 01:04:10', '主页', '查看个人会议', 'userID=1'),
	('刘鑫', '2019-04-21 01:04:14', '主页', '查看个人会议', 'userID=1'),
	('刘鑫', '2019-04-21 01:04:22', '主页', '查看个人会议', 'userID=1'),
	('刘鑫', '2019-04-21 01:04:50', '主页', '查看个人会议', 'userID=1'),
	('刘鑫', '2019-04-21 01:08:08', '主页', '查看个人会议', 'userID=1'),
	('刘鑫', '2019-04-21 01:08:25', '主页', '查看个人会议', 'userID=1'),
	('刘鑫', '2019-04-21 01:08:43', '主页', '查看个人会议', 'userID=1'),
	('刘鑫', '2019-04-21 01:08:46', '主页', '查看个人会议', 'userID=1'),
	('刘鑫', '2019-04-21 01:08:50', '主页', '查看个人会议', 'userID=1'),
	('刘鑫', '2019-04-21 01:10:09', '主页', '查看个人会议', 'userID=1'),
	('刘鑫', '2019-04-21 01:10:27', '主页', '查看个人会议', 'userID=1'),
	('刘鑫', '2019-04-21 01:10:45', '主页', '查看个人会议', 'userID=1'),
	('刘鑫', '2019-04-21 01:10:49', '主页', '查看个人会议', 'userID=1'),
	('刘鑫', '2019-04-21 01:10:56', '主页', '查看个人会议', 'userID=1'),
	('刘鑫', '2019-04-21 01:13:50', '主页', '查看个人会议', 'userID=1'),
	('刘鑫', '2019-04-21 01:14:02', '主页', '查看个人会议', 'userID=1'),
	('刘鑫', '2019-04-21 01:14:12', '主页', '查看个人会议', 'userID=1'),
	('刘鑫', '2019-04-21 01:14:16', '主页', '查看个人会议', 'userID=1'),
	('刘鑫', '2019-04-21 01:16:30', '主页', '查看个人会议', 'userID=1'),
	('刘鑫', '2019-04-21 01:16:57', '主页', '查看个人会议', 'userID=1'),
	('刘鑫', '2019-04-21 01:17:05', '主页', '查看个人会议', 'userID=1'),
	('刘鑫', '2019-04-21 01:17:23', '主页', '查看个人会议', 'userID=1'),
	('刘鑫', '2019-04-21 01:17:28', '主页', '查看个人会议', 'userID=1'),
	('刘鑫', '2019-04-21 01:17:53', '主页', '查看个人会议', 'userID=1'),
	('刘鑫', '2019-04-21 01:18:32', '主页', '查看个人会议', 'userID=1'),
	('刘鑫', '2019-04-21 01:19:36', '主页', '查看个人会议', 'userID=1'),
	('刘鑫', '2019-04-21 01:19:49', '主页', '查看个人会议', 'userID=1'),
	('刘鑫', '2019-04-21 01:20:06', '主页', '查看个人会议', 'userID=1'),
	('刘鑫', '2019-04-21 01:20:25', '主页', '查看个人会议', 'userID=1'),
	('刘鑫', '2019-04-21 01:20:35', '主页', '查看个人会议', 'userID=1'),
	('刘鑫', '2019-04-21 01:24:51', '主页', '查看个人会议', 'userID=1'),
	('刘鑫', '2019-04-21 01:25:24', '主页', '查看个人会议', 'userID=1'),
	('刘鑫', '2019-04-21 01:25:46', '主页', '查看个人会议', 'userID=1'),
	('刘鑫', '2019-04-21 01:25:55', '主页', '查看个人会议', 'userID=1'),
	('刘鑫', '2019-04-21 01:25:56', '主页', '查看个人会议', 'userID=1'),
	('刘鑫', '2019-04-21 01:26:27', '主页', '查看个人会议', 'userID=1'),
	('刘鑫', '2019-04-21 01:27:20', '主页', '查看个人会议', 'userID=1'),
	('刘鑫', '2019-04-21 01:27:23', '主页', '查看个人会议', 'userID=1'),
	('刘鑫', '2019-04-21 01:28:03', '主页', '查看个人会议', 'userID=1'),
	('刘鑫', '2019-04-21 01:34:40', '主页', '查看个人会议', 'userID=1'),
	('刘鑫', '2019-04-21 01:34:48', '主页', '查看个人会议', 'userID=1'),
	('刘鑫', '2019-04-21 01:35:50', '主页', '查看个人会议', 'userID=1'),
	('刘鑫', '2019-04-21 01:36:08', '主页', '查看个人会议', 'userID=1'),
	('刘鑫', '2019-04-21 01:36:10', '主页', '查看个人会议', 'userID=1'),
	('刘鑫', '2019-04-21 01:36:15', '主页', '查看个人会议', 'userID=1'),
	('刘鑫', '2019-04-21 01:37:25', '主页', '查看个人会议', 'userID=1'),
	('刘鑫', '2019-04-21 01:37:32', '主页', '查看个人会议', 'userID=1'),
	('刘鑫', '2019-04-21 01:37:56', '主页', '查看个人会议', 'userID=1'),
	('刘鑫', '2019-04-21 01:38:34', '主页', '查看个人会议', 'userID=1'),
	('刘鑫', '2019-04-21 01:38:51', '主页', '查看个人会议', 'userID=1'),
	('刘鑫', '2019-04-21 01:38:55', '主页', '查看个人会议', 'userID=1'),
	('刘鑫', '2019-04-21 01:39:03', '主页', '查看个人会议', 'userID=1'),
	('刘鑫', '2019-04-21 01:40:38', '主页', '查看个人会议', 'userID=1'),
	('刘鑫', '2019-04-21 01:40:44', '主页', '查看个人会议', 'userID=1'),
	('刘鑫', '2019-04-21 01:41:04', '主页', '查看个人会议', 'userID=1'),
	('刘鑫', '2019-04-21 01:41:19', '主页', '查看个人会议', 'userID=1'),
	('刘鑫', '2019-04-21 01:41:25', '主页', '查看个人会议', 'userID=1'),
	('刘鑫', '2019-04-21 01:50:02', '主页', '查看个人会议', 'userID=1'),
	('刘鑫', '2019-04-21 01:50:54', '主页', '查看个人会议', 'userID=1'),
	('刘鑫', '2019-04-21 01:50:57', '主页', '查看个人会议', 'userID=1'),
	('刘鑫', '2019-04-21 01:51:32', '主页', '查看个人会议', 'userID=1'),
	('刘鑫', '2019-04-21 01:51:33', '主页', '查看个人会议', 'userID=1'),
	('刘鑫', '2019-04-21 01:52:04', '主页', '查看个人会议', 'userID=1'),
	('刘鑫', '2019-04-21 01:52:20', '主页', '查看个人会议', 'userID=1'),
	('刘鑫', '2019-04-21 01:52:40', '主页', '查看个人会议', 'userID=1'),
	('刘鑫', '2019-04-21 01:52:53', '主页', '查看个人会议', 'userID=1'),
	('刘鑫', '2019-04-21 01:55:31', '主页', '查看个人会议', 'userID=1'),
	('刘鑫', '2019-04-21 01:55:34', '主页', '查看个人会议', 'userID=1'),
	('刘鑫', '2019-04-21 01:55:40', '主页', '查看个人会议', 'userID=1'),
	('刘鑫', '2019-04-21 01:55:47', '主页', '查看个人会议', 'userID=1'),
	('刘鑫', '2019-04-21 01:56:13', '主页', '查看个人会议', 'userID=1'),
	('刘鑫', '2019-04-21 01:56:25', '主页', '查看个人会议', 'userID=1'),
	('刘鑫', '2019-04-21 01:56:28', '主页', '查看个人会议', 'userID=1'),
	('刘鑫', '2019-04-21 01:56:49', '主页', '查看个人会议', 'userID=1'),
	('刘鑫', '2019-04-21 01:56:56', '主页', '查看个人会议', 'userID=1'),
	('刘鑫', '2019-04-21 01:57:21', '主页', '查看个人会议', 'userID=1'),
	('刘鑫', '2019-04-21 01:57:44', '主页', '查看个人会议', 'userID=1'),
	('刘鑫', '2019-04-21 01:57:49', '主页', '查看个人会议', 'userID=1'),
	('刘鑫', '2019-04-21 01:57:59', '主页', '查看个人会议', 'userID=1'),
	('刘鑫', '2019-04-21 01:58:22', '主页', '查看个人会议', 'userID=1'),
	('刘鑫', '2019-04-21 01:58:25', '主页', '查看个人会议', 'userID=1'),
	('刘鑫', '2019-04-21 01:58:32', '主页', '查看个人会议', 'userID=1'),
	('刘鑫', '2019-04-21 01:58:45', '主页', '查看个人会议', 'userID=1'),
	('刘鑫', '2019-04-21 01:58:49', '主页', '查看个人会议', 'userID=1'),
	('刘鑫', '2019-04-21 01:58:59', '主页', '查看个人会议', 'userID=1'),
	('刘鑫', '2019-04-21 02:00:02', '主页', '查看个人会议', 'userID=1'),
	('刘鑫', '2019-04-21 02:00:05', '主页', '查看个人会议', 'userID=1'),
	('刘鑫', '2019-04-21 02:00:07', '主页', '查看个人会议', 'userID=1'),
	('刘鑫', '2019-04-21 02:00:19', '主页', '查看个人会议', 'userID=1'),
	('刘鑫', '2019-04-21 02:00:22', '主页', '查看个人会议', 'userID=1'),
	('刘鑫', '2019-04-21 02:00:35', '主页', '查看个人会议', 'userID=1'),
	('刘鑫', '2019-04-21 02:00:44', '主页', '查看个人会议', 'userID=1'),
	('刘鑫', '2019-04-21 02:00:52', '主页', '查看个人会议', 'userID=1'),
	('刘鑫', '2019-04-21 02:01:00', '主页', '查看个人会议', 'userID=1'),
	('刘鑫', '2019-04-21 02:01:29', '主页', '查看个人会议', 'userID=1'),
	('刘鑫', '2019-04-21 02:02:40', '主页', '查看个人会议', 'userID=1'),
	('刘鑫', '2019-04-21 02:05:23', '主页', '查看个人会议', 'userID=1'),
	('刘鑫', '2019-04-21 02:06:50', '会议管理', '创建会议', 'name=刘鑫'),
	('刘鑫', '2019-04-21 02:06:57', '主页', '查看个人会议', 'userID=1'),
	('刘鑫', '2019-04-21 02:07:08', '主页', '查看个人会议', 'userID=1'),
	('刘鑫', '2019-04-21 02:07:13', '主页', '查看个人会议', 'userID=1'),
	('刘鑫', '2019-04-21 02:07:36', '主页', '查看个人会议', 'userID=1'),
	('刘鑫', '2019-04-21 02:08:37', '主页', '查看个人会议', 'userID=1'),
	('null', '2019-04-21 02:09:31', '个人中心', '查看个人资料', 'userID=1'),
	('null', '2019-04-21 02:09:33', '个人中心', '查看个人资料', 'userID=1'),
	('null', '2019-04-21 02:09:43', '个人中心', '查看个人资料', 'userID=1'),
	('null', '2019-04-21 02:09:49', '个人中心', '查看个人资料', 'userID=1'),
	('null', '2019-04-21 02:09:52', '个人中心', '查看个人资料', 'userID=1'),
	('刘鑫', '2019-04-21 02:09:54', '主页', '查看个人会议', 'userID=1'),
	('刘鑫', '2019-04-21 02:10:02', '会议管理', '查看全部会议', 'name=刘鑫'),
	('刘鑫', '2019-04-21 02:10:09', '会议管理', '查看全部会议', 'name=刘鑫'),
	('刘鑫', '2019-04-21 02:10:09', '会议管理', '查看全部会议', 'name=刘鑫'),
	('刘鑫', '2019-04-21 02:10:11', '会议管理', '查看全部会议', 'name=刘鑫'),
	('刘鑫', '2019-04-21 02:10:14', '会议管理', '查看全部会议', 'name=刘鑫'),
	('刘鑫', '2019-04-21 02:10:14', '会议管理', '查看全部会议', 'name=刘鑫'),
	('刘鑫', '2019-04-21 02:10:24', '会议管理', '查看会议纪要', 'name=刘鑫'),
	('刘鑫', '2019-04-21 02:22:21', '主页', '查看个人会议', 'userID=1'),
	('刘鑫', '2019-04-21 02:31:07', '会议管理', '查看全部会议', 'name=刘鑫'),
	('刘鑫', '2019-04-21 02:31:12', '主页', '查看个人会议', 'userID=1'),
	('刘鑫', '2019-04-21 02:31:25', '主页', '查看个人会议', 'userID=1'),
	('null', '2019-04-21 02:58:09', '个人中心', '查看个人资料', 'userID=1'),
	('刘鑫', '2019-04-21 02:58:14', '主页', '查看个人会议', 'userID=1'),
	('刘鑫', '2019-04-21 02:59:33', '主页', '查看个人会议', 'userID=1'),
	('刘鑫', '2019-04-21 02:59:50', '主页', '查看个人会议', 'userID=1'),
	('刘鑫', '2019-04-21 03:00:25', '主页', '查看个人会议', 'userID=1'),
	('刘鑫', '2019-04-21 03:00:32', '主页', '查看个人会议', 'userID=1'),
	('刘鑫', '2019-04-21 03:00:49', '主页', '查看个人会议', 'userID=1'),
	('刘鑫', '2019-04-21 03:01:57', '主页', '查看个人会议', 'userID=1'),
	('刘鑫', '2019-04-21 03:02:04', '主页', '查看个人会议', 'userID=1'),
	('null', '2019-04-21 03:02:27', '个人中心', '查看个人资料', 'userID=1'),
	('null', '2019-04-21 03:02:29', '个人中心', '查看个人资料', 'userID=1'),
	('null', '2019-04-21 03:02:30', '个人中心', '查看个人资料', 'userID=1'),
	('null', '2019-04-21 03:02:32', '个人中心', '查看个人资料', 'userID=1'),
	('null', '2019-04-21 03:02:34', '个人中心', '查看个人资料', 'userID=1'),
	('null', '2019-04-21 03:02:35', '个人中心', '查看个人资料', 'userID=1'),
	('null', '2019-04-21 03:03:07', '个人中心', '查看个人资料', 'userID=1'),
	('null', '2019-04-21 03:03:20', '个人中心', '查看个人资料', 'userID=1'),
	('刘鑫', '2019-04-21 03:03:25', '主页', '查看个人会议', 'userID=1'),
	('刘鑫', '2019-04-21 03:04:11', '主页', '查看个人会议', 'userID=1'),
	('刘鑫', '2019-04-21 03:04:20', '主页', '查看个人会议', 'userID=1'),
	('null', '2019-04-21 03:04:42', '个人中心', '查看个人资料', 'userID=1'),
	('刘鑫', '2019-04-21 03:04:57', '主页', '查看个人会议', 'userID=1'),
	('null', '2019-04-21 03:05:27', '个人中心', '查看个人资料', 'userID=1'),
	('刘鑫', '2019-04-21 03:05:30', '主页', '查看个人会议', 'userID=1'),
	('刘鑫', '2019-04-21 03:08:26', '主页', '查看个人会议', 'userID=1'),
	('刘鑫', '2019-04-21 03:08:38', '主页', '查看个人会议', 'userID=1'),
	('刘鑫', '2019-04-21 03:09:31', '主页', '查看个人会议', 'userID=1'),
	('刘鑫', '2019-04-21 03:10:11', '主页', '查看个人会议', 'userID=1'),
	('刘鑫', '2019-04-21 03:10:36', '主页', '查看个人会议', 'userID=1'),
	('刘鑫', '2019-04-21 03:11:00', '主页', '查看个人会议', 'userID=1'),
	('刘鑫', '2019-04-21 03:11:15', '主页', '查看个人会议', 'userID=1'),
	('null', '2019-04-21 03:12:05', '个人中心', '查看个人资料', 'userID=1'),
	('刘鑫', '2019-04-21 03:12:07', '主页', '查看个人会议', 'userID=1'),
	('刘鑫', '2019-04-21 03:12:13', '主页', '查看个人会议', 'userID=1'),
	('null', '2019-04-21 03:12:15', '个人中心', '查看个人资料', 'userID=1'),
	('刘鑫', '2019-04-21 03:12:46', '主页', '查看个人会议', 'userID=1'),
	('null', '2019-04-21 03:12:50', '个人中心', '查看个人资料', 'userID=1'),
	('null', '2019-04-21 03:13:01', '个人中心', '查看个人资料', 'userID=1'),
	('null', '2019-04-21 03:13:19', '个人中心', '查看个人资料', 'userID=1'),
	('刘鑫', '2019-04-21 03:15:36', '主页', '查看个人会议', 'userID=1'),
	('刘鑫', '2019-04-21 03:15:56', '主页', '查看个人会议', 'userID=1'),
	('刘鑫', '2019-04-21 03:16:11', '主页', '查看个人会议', 'userID=1'),
	('刘鑫', '2019-04-21 03:16:14', '主页', '查看个人会议', 'userID=1'),
	('刘鑫', '2019-04-21 03:24:01', '主页', '查看个人会议', 'userID=1'),
	('刘鑫', '2019-04-21 03:25:12', '主页', '查看个人会议', 'userID=1'),
	('刘鑫', '2019-04-21 03:25:18', '主页', '查看个人会议', 'userID=1'),
	('刘鑫', '2019-04-21 03:26:17', '主页', '查看个人会议', 'userID=1'),
	('刘鑫', '2019-04-21 03:26:35', '主页', '查看个人会议', 'userID=1'),
	('刘鑫', '2019-04-21 03:27:10', '主页', '查看个人会议', 'userID=1'),
	('刘鑫', '2019-04-21 03:28:10', '主页', '查看个人会议', 'userID=1'),
	('刘鑫', '2019-04-21 03:28:25', '主页', '查看个人会议', 'userID=1'),
	('刘鑫', '2019-04-21 03:28:28', '主页', '查看个人会议', 'userID=1'),
	('刘鑫', '2019-04-21 03:28:42', '主页', '查看个人会议', 'userID=1'),
	('刘鑫', '2019-04-21 03:28:44', '主页', '查看个人会议', 'userID=1'),
	('刘鑫', '2019-04-21 03:31:06', '主页', '查看个人会议', 'userID=1'),
	('刘鑫', '2019-04-21 03:31:35', '主页', '查看个人会议', 'userID=1'),
	('刘鑫', '2019-04-21 03:31:44', '主页', '查看个人会议', 'userID=1'),
	('刘鑫', '2019-04-21 03:33:53', '主页', '查看个人会议', 'userID=1'),
	('刘鑫', '2019-04-21 03:34:32', '主页', '查看个人会议', 'userID=1'),
	('刘鑫', '2019-04-21 03:34:46', '主页', '查看个人会议', 'userID=1'),
	('刘鑫', '2019-04-21 03:35:34', '主页', '查看个人会议', 'userID=1'),
	('刘鑫', '2019-04-21 03:35:44', '主页', '查看个人会议', 'userID=1'),
	('刘鑫', '2019-04-21 03:36:06', '主页', '查看个人会议', 'userID=1'),
	('刘鑫', '2019-04-21 03:36:14', '主页', '查看个人会议', 'userID=1'),
	('刘鑫', '2019-04-21 03:36:27', '主页', '查看个人会议', 'userID=1'),
	('刘鑫', '2019-04-21 03:37:31', '主页', '查看个人会议', 'userID=1'),
	('刘鑫', '2019-04-21 03:37:58', '主页', '查看个人会议', 'userID=1'),
	('刘鑫', '2019-04-21 03:38:29', '主页', '查看个人会议', 'userID=1'),
	('刘鑫', '2019-04-21 03:38:41', '主页', '查看个人会议', 'userID=1'),
	('刘鑫', '2019-04-21 03:39:13', '主页', '查看个人会议', 'userID=1'),
	('刘鑫', '2019-04-21 03:39:26', '主页', '查看个人会议', 'userID=1'),
	('刘鑫', '2019-04-21 03:39:36', '主页', '查看个人会议', 'userID=1'),
	('刘鑫', '2019-04-21 03:39:53', '主页', '查看个人会议', 'userID=1'),
	('刘鑫', '2019-04-21 03:40:12', '主页', '查看个人会议', 'userID=1'),
	('刘鑫', '2019-04-21 03:40:32', '主页', '查看个人会议', 'userID=1'),
	('刘鑫', '2019-04-21 03:40:47', '主页', '查看个人会议', 'userID=1'),
	('刘鑫', '2019-04-21 03:40:50', '主页', '查看个人会议', 'userID=1'),
	('刘鑫', '2019-04-21 03:41:19', '主页', '查看个人会议', 'userID=1'),
	('刘鑫', '2019-04-21 03:41:27', '主页', '查看个人会议', 'userID=1'),
	('刘鑫', '2019-04-21 03:41:59', '主页', '查看个人会议', 'userID=1'),
	('刘鑫', '2019-04-21 03:42:19', '主页', '查看个人会议', 'userID=1'),
	('刘鑫', '2019-04-21 03:42:24', '主页', '查看个人会议', 'userID=1'),
	('刘鑫', '2019-04-21 03:42:38', '主页', '查看个人会议', 'userID=1'),
	('刘鑫', '2019-04-21 03:43:16', '主页', '查看个人会议', 'userID=1'),
	('刘鑫', '2019-04-21 03:44:02', '主页', '查看个人会议', 'userID=1'),
	('刘鑫', '2019-04-21 03:45:51', '主页', '查看个人会议', 'userID=1'),
	('刘鑫', '2019-04-21 03:45:55', '主页', '查看个人会议', 'userID=1'),
	('刘鑫', '2019-04-21 03:46:16', '主页', '查看个人会议', 'userID=1'),
	('刘鑫', '2019-04-21 03:46:24', '主页', '查看个人会议', 'userID=1'),
	('刘鑫', '2019-04-21 03:47:32', '主页', '查看个人会议', 'userID=1'),
	('刘鑫', '2019-04-21 03:47:42', '主页', '查看个人会议', 'userID=1'),
	('刘鑫', '2019-04-21 03:47:46', '主页', '查看个人会议', 'userID=1'),
	('刘鑫', '2019-04-21 03:55:04', '主页', '查看个人会议', 'userID=1'),
	('刘鑫', '2019-04-21 03:58:21', '主页', '查看个人会议', 'userID=1'),
	('刘鑫', '2019-04-21 04:20:56', '主页', '查看个人会议', 'userID=1'),
	('刘鑫', '2019-04-21 04:24:14', '主页', '查看个人会议', 'userID=1'),
	('刘鑫', '2019-04-21 04:24:48', '主页', '查看个人会议', 'userID=1'),
	('刘鑫', '2019-04-21 04:24:53', '主页', '查看个人会议', 'userID=1'),
	('刘鑫', '2019-04-21 04:27:21', '主页', '查看个人会议', 'userID=1'),
	('刘鑫', '2019-04-21 04:27:36', '主页', '查看个人会议', 'userID=1'),
	('刘鑫', '2019-04-21 04:40:15', '主页', '查看个人会议', 'userID=1'),
	('', '2019-04-21 05:44:03', '主页', '查看个人会议', 'userID='),
	('刘鑫', '2019-04-21 05:44:21', '主页', '查看个人会议', 'userID=1'),
	('刘鑫', '2019-04-21 05:44:38', '主页', '查看个人会议', 'userID=1'),
	('null', '2019-04-21 09:51:14', '会议管理', '查看全部会议', 'name=null'),
	('刘鑫', '2019-04-21 09:53:02', '会议管理', '查看全部会议', 'name=刘鑫'),
	('刘鑫', '2019-04-21 10:02:50', '主页', '查看个人会议', 'userID=1'),
	('刘鑫', '2019-04-21 10:02:55', '主页', '查看个人会议', 'userID=1'),
	('刘鑫', '2019-04-21 10:03:01', '主页', '查看个人会议', 'userID=1'),
	('刘鑫', '2019-04-21 10:03:15', '主页', '查看个人会议', 'userID=1'),
	('刘鑫', '2019-04-21 10:03:19', '主页', '查看个人会议', 'userID=1'),
	('刘鑫', '2019-04-21 10:04:58', '主页', '查看个人会议', 'userID=1'),
	('刘鑫', '2019-04-21 10:05:16', '主页', '查看个人会议', 'userID=1'),
	('刘鑫', '2019-04-21 10:05:19', '主页', '查看个人会议', 'userID=1'),
	('刘鑫', '2019-04-21 10:07:50', '主页', '查看个人会议', 'userID=1'),
	('刘鑫', '2019-04-21 10:15:43', '主页', '查看个人会议', 'userID=1'),
	('刘鑫', '2019-04-21 10:54:05', '主页', '查看个人会议', 'userID=1'),
	('刘鑫', '2019-04-22 03:45:56', '主页', '查看个人会议', 'userID=1'),
	('刘鑫', '2019-04-22 03:46:07', '主页', '查看个人会议', 'userID=1'),
	('刘鑫', '2019-04-22 03:46:42', '主页', '查看个人会议', 'userID=1'),
	('刘鑫', '2019-04-22 03:49:36', '主页', '查看个人会议', 'userID=1'),
	('刘鑫', '2019-04-22 04:01:18', '主页', '查看个人会议', 'userID=1'),
	('刘鑫', '2019-04-22 04:04:17', '工具管理', '新增问卷', 'name=刘鑫'),
	('', '2019-04-22 09:45:49', '工具管理', '新增问题', 'name=;questionID=31'),
	('刘鑫', '2019-04-22 09:46:09', '主页', '查看个人会议', 'userID=1'),
	('刘鑫', '2019-04-22 09:46:45', '工具管理', '新增问题', 'name=刘鑫;questionID=32'),
	('刘鑫', '2019-04-22 09:48:04', '工具管理', '新增问题', 'name=刘鑫;questionID=33'),
	('刘鑫', '2019-04-22 09:50:47', '工具管理', '新增问题', 'name=刘鑫;questionID=34'),
	('刘鑫', '2019-04-22 09:52:02', '工具管理', '新增问题', 'name=刘鑫;questionID=35'),
	('刘鑫', '2019-04-22 09:52:42', '工具管理', '新增问卷', 'name=刘鑫'),
	('刘鑫', '2019-04-22 10:57:17', '工具管理', '新增问卷', 'name=刘鑫'),
	('', '2019-04-22 11:09:20', '主页', '查看个人会议', 'userID='),
	('刘鑫', '2019-04-22 11:09:29', '主页', '查看个人会议', 'userID=1'),
	('刘鑫', '2019-04-22 11:09:34', '主页', '查看个人会议', 'userID=1'),
	('刘鑫', '2019-04-22 11:09:41', '主页', '查看个人会议', 'userID=1'),
	('刘鑫', '2019-04-22 11:09:44', '会议管理', '查看全部会议', 'name=刘鑫'),
	('刘鑫', '2019-04-22 11:09:52', '会议管理', '查看全部会议', 'name=刘鑫'),
	('刘鑫', '2019-04-22 11:09:52', '会议管理', '查看全部会议', 'name=刘鑫'),
	('刘鑫', '2019-04-22 11:09:53', '会议管理', '查看全部会议', 'name=刘鑫'),
	('刘鑫', '2019-04-22 11:09:53', '会议管理', '查看全部会议', 'name=刘鑫'),
	('刘鑫', '2019-04-22 11:09:54', '会议管理', '查看全部会议', 'name=刘鑫'),
	('刘鑫', '2019-04-22 11:09:54', '会议管理', '查看全部会议', 'name=刘鑫'),
	('刘鑫', '2019-04-22 11:09:55', '会议管理', '查看全部会议', 'name=刘鑫'),
	('刘鑫', '2019-04-22 11:09:56', '会议管理', '查看全部会议', 'name=刘鑫'),
	('刘鑫', '2019-04-22 11:09:56', '会议管理', '查看全部会议', 'name=刘鑫'),
	('刘鑫', '2019-04-22 11:09:56', '会议管理', '查看全部会议', 'name=刘鑫'),
	('刘鑫', '2019-04-22 11:09:57', '会议管理', '查看全部会议', 'name=刘鑫'),
	('刘鑫', '2019-04-22 11:09:57', '会议管理', '查看全部会议', 'name=刘鑫'),
	('刘鑫', '2019-04-22 11:10:04', '会议管理', '查看全部会议', 'name=刘鑫'),
	('刘鑫', '2019-04-22 11:10:05', '会议管理', '查看全部会议', 'name=刘鑫'),
	('刘鑫', '2019-04-22 11:10:07', '会议管理', '查看全部会议', 'name=刘鑫'),
	('刘鑫', '2019-04-22 11:10:07', '会议管理', '查看全部会议', 'name=刘鑫'),
	('刘鑫', '2019-04-22 11:10:08', '会议管理', '查看全部会议', 'name=刘鑫'),
	('刘鑫', '2019-04-22 11:10:08', '会议管理', '查看全部会议', 'name=刘鑫'),
	('刘鑫', '2019-04-22 11:10:08', '会议管理', '查看全部会议', 'name=刘鑫'),
	('刘鑫', '2019-04-22 11:10:14', '会议管理', '查看会议纪要', 'name=刘鑫'),
	('刘鑫', '2019-04-22 11:14:07', '主页', '查看个人会议', 'userID=1'),
	('刘鑫', '2019-04-22 11:27:39', '会议管理', '查看会议纪要', 'name=刘鑫'),
	('刘鑫', '2019-04-22 11:27:41', '主页', '查看个人会议', 'userID=1'),
	('刘鑫', '2019-04-22 11:28:01', '主页', '查看个人会议', 'userID=1'),
	('刘鑫', '2019-04-22 11:28:29', '主页', '查看个人会议', 'userID=1'),
	('刘鑫', '2019-04-22 11:30:56', '主页', '查看个人会议', 'userID=1'),
	('刘鑫', '2019-04-22 11:31:30', '主页', '查看个人会议', 'userID=1'),
	('刘鑫', '2019-04-22 11:32:12', '主页', '查看个人会议', 'userID=1'),
	('刘鑫', '2019-04-22 11:32:51', '会议管理', '查看全部会议', 'name=刘鑫'),
	('刘鑫', '2019-04-22 11:33:45', '会议管理', '查看全部会议', 'name=刘鑫'),
	('刘鑫', '2019-04-22 11:34:10', '会议管理', '查看全部会议', 'name=刘鑫'),
	('刘鑫', '2019-04-22 11:36:19', '会议管理', '查看全部会议', 'name=刘鑫'),
	('刘鑫', '2019-04-22 11:36:26', '主页', '查看个人会议', 'userID=1'),
	('刘鑫', '2019-04-22 11:36:33', '主页', '查看个人会议', 'userID=1'),
	('刘鑫', '2019-04-22 11:37:05', '主页', '查看个人会议', 'userID=1'),
	('刘鑫', '2019-04-22 11:37:08', '主页', '查看个人会议', 'userID=1'),
	('刘鑫', '2019-04-22 11:37:18', '主页', '查看个人会议', 'userID=1'),
	('刘鑫', '2019-04-22 11:37:33', '主页', '查看个人会议', 'userID=1'),
	('刘鑫', '2019-04-22 11:37:45', '主页', '查看个人会议', 'userID=1'),
	('刘鑫', '2019-04-22 11:38:39', '会议管理', '查看全部会议', 'name=刘鑫'),
	('刘鑫', '2019-04-23 12:57:06', '主页', '查看个人会议', 'userID=1'),
	('刘鑫', '2019-04-23 12:57:13', '主页', '查看个人会议', 'userID=1'),
	('刘鑫', '2019-04-23 01:24:52', '主页', '查看个人会议', 'userID=1'),
	('刘鑫', '2019-04-23 01:33:49', '主页', '查看个人会议', 'userID=1'),
	('刘鑫', '2019-04-23 01:34:10', '主页', '查看个人会议', 'userID=1'),
	('刘鑫', '2019-04-23 01:37:10', '主页', '查看个人会议', 'userID=1'),
	('刘鑫', '2019-04-23 01:37:22', '主页', '查看个人会议', 'userID=1'),
	('刘鑫', '2019-04-23 01:54:40', '主页', '查看个人会议', 'userID=1'),
	('刘鑫', '2019-04-23 01:59:13', '主页', '查看个人会议', 'userID=1'),
	('刘鑫', '2019-04-23 03:38:58', '主页', '查看个人会议', 'userID=1'),
	('刘鑫', '2019-04-23 08:22:42', '主页', '查看个人会议', 'userID=1'),
	('刘鑫', '2019-04-23 08:23:32', '主页', '查看个人会议', 'userID=1'),
	('刘鑫', '2019-04-23 08:25:46', '主页', '查看个人会议', 'userID=1'),
	('刘鑫', '2019-04-23 08:28:17', '主页', '查看个人会议', 'userID=1'),
	('刘鑫', '2019-04-23 09:55:36', '主页', '查看个人会议', 'userID=1'),
	('刘鑫', '2019-04-24 11:43:38', '主页', '查看个人会议', 'userID=1'),
	('刘鑫', '2019-04-24 11:51:34', '会议管理', '查看全部会议', 'name=刘鑫'),
	('刘鑫', '2019-04-24 11:51:36', '会议管理', '查看全部会议', 'name=刘鑫'),
	('刘鑫', '2019-04-24 11:51:36', '会议管理', '查看全部会议', 'name=刘鑫'),
	('刘鑫', '2019-04-24 11:51:37', '会议管理', '查看全部会议', 'name=刘鑫'),
	('刘鑫', '2019-04-24 11:51:37', '会议管理', '查看全部会议', 'name=刘鑫'),
	('刘鑫', '2019-04-24 11:51:38', '会议管理', '查看全部会议', 'name=刘鑫'),
	('刘鑫', '2019-04-24 11:51:38', '会议管理', '查看全部会议', 'name=刘鑫'),
	('刘鑫', '2019-04-24 11:51:39', '会议管理', '查看全部会议', 'name=刘鑫'),
	('刘鑫', '2019-04-24 11:51:39', '会议管理', '查看全部会议', 'name=刘鑫'),
	('刘鑫', '2019-04-24 11:51:43', '会议管理', '查看会议纪要', 'name=刘鑫'),
	('刘鑫', '2019-04-24 11:51:48', '会议管理', '查看会议纪要', 'name=刘鑫'),
	('刘鑫', '2019-04-24 11:51:48', '会议管理', '查看会议纪要', 'name=刘鑫'),
	('刘鑫', '2019-04-24 11:52:03', '主页', '查看个人会议', 'userID=1'),
	('测试员1', '2019-04-24 01:19:00', '主页', '查看个人会议', 'userID=2'),
	('测试员1', '2019-04-24 01:19:32', '主页', '查看个人会议', 'userID=2'),
	('刘鑫', '2019-04-24 01:29:21', '主页', '查看个人会议', 'userID=1'),
	('刘鑫', '2019-04-24 01:30:39', '主页', '查看个人会议', 'userID=1'),
	('刘鑫', '2019-04-24 01:33:03', '工具管理', '新增问卷', 'name=刘鑫'),
	('刘鑫', '2019-04-24 01:34:28', '会议管理', '创建会议', 'name=刘鑫'),
	('刘鑫', '2019-04-24 01:34:33', '主页', '查看个人会议', 'userID=1'),
	('刘鑫', '2019-04-24 01:35:01', '主页', '查看个人会议', 'userID=1'),
	('刘鑫', '2019-04-24 01:35:07', '主页', '查看个人会议', 'userID=1'),
	('刘鑫', '2019-04-24 01:39:54', '主页', '查看个人会议', 'userID=1'),
	('', '2019-04-25 02:16:54', '主页', '查看个人会议', 'userID='),
	('刘鑫', '2019-04-25 02:17:02', '主页', '查看个人会议', 'userID=1'),
	('', '2019-04-25 02:17:27', '主页', '查看个人会议', 'userID='),
	('刘鑫', '2019-04-25 02:17:35', '主页', '查看个人会议', 'userID=1'),
	('刘鑫', '2019-04-25 04:03:40', '主页', '查看个人会议', 'userID=1'),
	('刘鑫', '2019-04-25 04:19:09', '主页', '查看个人会议', 'userID=1'),
	('', '2019-04-25 06:44:40', '主页', '查看个人会议', 'userID='),
	('测试员1', '2019-04-25 06:45:21', '主页', '查看个人会议', 'userID=2'),
	('刘鑫', '2019-04-25 07:46:20', '主页', '查看个人会议', 'userID=1'),
	('刘鑫', '2019-04-25 07:46:49', '主页', '查看个人会议', 'userID=1'),
	('刘鑫', '2019-04-25 07:46:59', '主页', '查看个人会议', 'userID=1'),
	('刘鑫', '2019-04-25 07:47:25', '主页', '查看个人会议', 'userID=1'),
	('刘鑫', '2019-04-25 07:48:08', '主页', '查看个人会议', 'userID=1'),
	('刘鑫', '2019-04-25 19:57:41', '主页', '查看个人会议', 'userID=1'),
	('刘鑫', '2019-04-25 19:58:01', '主页', '查看个人会议', 'userID=1'),
	('刘鑫', '2019-04-25 19:58:22', '主页', '查看个人会议', 'userID=1'),
	('刘鑫', '2019-04-25 19:58:51', '主页', '查看个人会议', 'userID=1'),
	('刘鑫', '2019-04-25 21:51:12', '主页', '查看个人会议', 'userID=1'),
	('刘鑫', '2019-04-25 21:52:19', '主页', '查看个人会议', 'userID=1'),
	('刘鑫', '2019-04-25 21:52:29', '主页', '查看个人会议', 'userID=1'),
	('刘鑫', '2019-04-25 21:52:33', '主页', '查看个人会议', 'userID=1'),
	('测试员1', '2019-04-25 21:52:42', '主页', '查看个人会议', 'userID=2'),
	('刘鑫', '2019-04-25 21:53:43', '会议管理', '查看全部会议', 'name=刘鑫'),
	('刘鑫', '2019-04-25 21:53:46', '主页', '查看个人会议', 'userID=1'),
	('测试员1', '2019-04-25 21:54:01', '会议管理', '查看全部会议', 'name=测试员1'),
	('测试员1', '2019-04-25 21:54:22', '主页', '查看个人会议', 'userID=2'),
	('测试员1', '2019-04-25 21:54:55', '主页', '查看个人会议', 'userID=2'),
	('测试员1', '2019-04-25 21:55:07', '主页', '查看个人会议', 'userID=2'),
	('测试员1', '2019-04-25 21:55:29', '主页', '查看个人会议', 'userID=2'),
	('null', '2019-04-25 21:56:20', '个人中心', '查看个人资料', 'userID=2'),
	('null', '2019-04-25 21:56:37', '个人中心', '查看个人资料', 'userID=2'),
	('null', '2019-04-25 21:57:03', '个人中心', '查看个人资料', 'userID=2'),
	('测试员1', '2019-04-25 21:57:14', '主页', '查看个人会议', 'userID=2'),
	('null', '2019-04-25 21:57:47', '个人中心', '查看个人资料', 'userID=2'),
	('测试员1', '2019-04-25 21:57:56', '主页', '查看个人会议', 'userID=2'),
	('null', '2019-04-25 21:57:57', '个人中心', '查看个人资料', 'userID=2'),
	('测试员1', '2019-04-25 21:58:33', '主页', '查看个人会议', 'userID=2'),
	('null', '2019-04-25 21:58:41', '个人中心', '查看个人资料', 'userID=2'),
	('null', '2019-04-25 21:59:08', '个人中心', '查看个人资料', 'userID=2'),
	('null', '2019-04-25 21:59:29', '个人中心', '查看个人资料', 'userID=2'),
	('null', '2019-04-25 21:59:44', '个人中心', '查看个人资料', 'userID=2'),
	('null', '2019-04-25 22:01:11', '个人中心', '查看个人资料', 'userID=2'),
	('测试员1', '2019-04-25 22:01:17', '主页', '查看个人会议', 'userID=2'),
	('null', '2019-04-25 22:01:20', '个人中心', '查看个人资料', 'userID=2'),
	('null', '2019-04-25 22:02:27', '个人中心', '查看个人资料', 'userID=2'),
	('null', '2019-04-25 22:02:41', '个人中心', '查看个人资料', 'userID=2'),
	('null', '2019-04-25 22:02:44', '个人中心', '查看个人资料', 'userID=2'),
	('null', '2019-04-25 22:03:01', '个人中心', '查看个人资料', 'userID=2'),
	('null', '2019-04-25 22:03:26', '个人中心', '查看个人资料', 'userID=2'),
	('null', '2019-04-25 22:03:31', '个人中心', '查看个人资料', 'userID=2'),
	('null', '2019-04-25 22:03:32', '个人中心', '查看个人资料', 'userID=2'),
	('测试员1', '2019-04-25 22:03:35', '主页', '查看个人会议', 'userID=2'),
	('测试员1', '2019-04-25 22:03:43', '主页', '查看个人会议', 'userID=2'),
	('测试员1', '2019-04-25 22:03:50', '主页', '查看个人会议', 'userID=2'),
	('null', '2019-04-25 22:03:51', '个人中心', '查看个人资料', 'userID=2'),
	('null', '2019-04-25 22:03:54', '个人中心', '查看个人资料', 'userID=2'),
	('null', '2019-04-25 22:04:02', '个人中心', '查看个人资料', 'userID=2'),
	('null', '2019-04-25 22:04:29', '个人中心', '查看个人资料', 'userID=2'),
	('null', '2019-04-25 22:18:58', '个人中心', '查看个人资料', 'userID=2'),
	('null', '2019-04-25 22:18:59', '个人中心', '查看个人资料', 'userID=2'),
	('刘鑫', '2019-04-25 22:27:16', '主页', '查看个人会议', 'userID=1'),
	('刘鑫', '2019-04-25 22:27:17', '主页', '查看个人会议', 'userID=1'),
	('测试员1', '2019-04-25 22:37:16', '主页', '查看个人会议', 'userID=2'),
	('测试员1', '2019-04-25 22:37:41', '主页', '查看个人会议', 'userID=2'),
	('测试员1', '2019-04-25 22:38:30', '主页', '查看个人会议', 'userID=2'),
	('测试员1', '2019-04-25 22:38:50', '主页', '查看个人会议', 'userID=2'),
	('测试员1', '2019-04-25 22:39:25', '主页', '查看个人会议', 'userID=2'),
	('测试员1', '2019-04-25 22:39:38', '主页', '查看个人会议', 'userID=2'),
	('测试员1', '2019-04-25 22:40:03', '主页', '查看个人会议', 'userID=2'),
	('测试员1', '2019-04-25 22:40:45', '主页', '查看个人会议', 'userID=2'),
	('测试员1', '2019-04-25 22:40:55', '主页', '查看个人会议', 'userID=2'),
	('刘鑫', '2019-04-25 22:41:02', '主页', '查看个人会议', 'userID=1'),
	('测试员1', '2019-04-25 22:41:22', '主页', '查看个人会议', 'userID=2'),
	('测试员1', '2019-04-25 22:41:36', '主页', '查看个人会议', 'userID=2'),
	('测试员1', '2019-04-25 22:41:41', '主页', '查看个人会议', 'userID=2'),
	('测试员1', '2019-04-25 22:41:56', '主页', '查看个人会议', 'userID=2'),
	('刘鑫', '2019-04-25 22:42:02', '主页', '查看个人会议', 'userID=1'),
	('测试员1', '2019-04-25 22:42:07', '主页', '查看个人会议', 'userID=2'),
	('刘鑫', '2019-04-25 22:42:12', '主页', '查看个人会议', 'userID=1'),
	('测试员1', '2019-04-25 22:42:48', '主页', '查看个人会议', 'userID=2'),
	('刘鑫', '2019-04-25 22:42:53', '主页', '查看个人会议', 'userID=1'),
	('测试员1', '2019-04-25 22:43:00', '主页', '查看个人会议', 'userID=2'),
	('测试员1', '2019-04-25 22:43:10', '主页', '查看个人会议', 'userID=2'),
	('测试员1', '2019-04-25 22:43:38', '主页', '查看个人会议', 'userID=2'),
	('测试员1', '2019-04-25 22:43:50', '主页', '查看个人会议', 'userID=2'),
	('刘鑫', '2019-04-25 22:43:53', '主页', '查看个人会议', 'userID=1'),
	('测试员1', '2019-04-25 22:44:21', '主页', '查看个人会议', 'userID=2'),
	('测试员1', '2019-04-25 22:44:57', '主页', '查看个人会议', 'userID=2'),
	('测试员1', '2019-04-25 22:45:02', '主页', '查看个人会议', 'userID=2'),
	('测试员1', '2019-04-25 22:45:29', '主页', '查看个人会议', 'userID=2'),
	('测试员1', '2019-04-25 22:45:35', '主页', '查看个人会议', 'userID=2'),
	('测试员1', '2019-04-25 22:45:42', '主页', '查看个人会议', 'userID=2'),
	('测试员1', '2019-04-25 22:45:46', '主页', '查看个人会议', 'userID=2'),
	('测试员1', '2019-04-25 22:45:53', '主页', '查看个人会议', 'userID=2'),
	('测试员1', '2019-04-25 22:45:57', '主页', '查看个人会议', 'userID=2'),
	('测试员1', '2019-04-25 22:46:04', '主页', '查看个人会议', 'userID=2'),
	('测试员1', '2019-04-25 22:46:21', '主页', '查看个人会议', 'userID=2'),
	('测试员1', '2019-04-25 22:46:33', '主页', '查看个人会议', 'userID=2'),
	('测试员1', '2019-04-25 22:46:43', '主页', '查看个人会议', 'userID=2'),
	('测试员1', '2019-04-25 22:46:50', '主页', '查看个人会议', 'userID=2'),
	('刘鑫', '2019-04-25 22:46:52', '主页', '查看个人会议', 'userID=1'),
	('测试员1', '2019-04-25 22:47:41', '主页', '查看个人会议', 'userID=2'),
	('刘鑫', '2019-04-25 22:47:44', '主页', '查看个人会议', 'userID=1'),
	('测试员1', '2019-04-25 22:47:49', '主页', '查看个人会议', 'userID=2'),
	('刘鑫', '2019-04-25 22:47:51', '主页', '查看个人会议', 'userID=1'),
	('测试员1', '2019-04-25 22:48:12', '主页', '查看个人会议', 'userID=2'),
	('刘鑫', '2019-04-25 22:48:14', '主页', '查看个人会议', 'userID=1'),
	('测试员1', '2019-04-25 22:48:23', '主页', '查看个人会议', 'userID=2'),
	('测试员1', '2019-04-25 22:48:24', '主页', '查看个人会议', 'userID=2'),
	('刘鑫', '2019-04-25 22:48:26', '主页', '查看个人会议', 'userID=1'),
	('测试员1', '2019-04-25 22:48:30', '主页', '查看个人会议', 'userID=2'),
	('测试员1', '2019-04-25 22:48:32', '主页', '查看个人会议', 'userID=2'),
	('刘鑫', '2019-04-25 22:48:35', '主页', '查看个人会议', 'userID=1'),
	('测试员1', '2019-04-25 22:48:38', '主页', '查看个人会议', 'userID=2'),
	('刘鑫', '2019-04-25 22:48:40', '主页', '查看个人会议', 'userID=1'),
	('测试员1', '2019-04-25 22:48:46', '主页', '查看个人会议', 'userID=2'),
	('刘鑫', '2019-04-25 22:48:49', '主页', '查看个人会议', 'userID=1'),
	('测试员1', '2019-04-25 22:48:52', '主页', '查看个人会议', 'userID=2'),
	('刘鑫', '2019-04-25 22:48:53', '主页', '查看个人会议', 'userID=1'),
	('测试员1', '2019-04-25 22:48:58', '主页', '查看个人会议', 'userID=2'),
	('刘鑫', '2019-04-25 22:48:59', '主页', '查看个人会议', 'userID=1'),
	('测试员1', '2019-04-25 22:50:20', '主页', '查看个人会议', 'userID=2'),
	('测试员1', '2019-04-25 22:50:24', '主页', '查看个人会议', 'userID=2'),
	('测试员1', '2019-04-25 22:50:26', '主页', '查看个人会议', 'userID=2'),
	('刘鑫', '2019-04-25 22:50:29', '主页', '查看个人会议', 'userID=1'),
	('测试员1', '2019-04-25 22:51:26', '主页', '查看个人会议', 'userID=2'),
	('测试员1', '2019-04-25 22:51:32', '主页', '查看个人会议', 'userID=2'),
	('测试员1', '2019-04-25 22:51:47', '主页', '查看个人会议', 'userID=2'),
	('测试员1', '2019-04-25 22:51:54', '主页', '查看个人会议', 'userID=2'),
	('测试员1', '2019-04-25 22:52:03', '主页', '查看个人会议', 'userID=2'),
	('刘鑫', '2019-04-25 22:52:09', '主页', '查看个人会议', 'userID=1'),
	('测试员1', '2019-04-25 22:52:18', '主页', '查看个人会议', 'userID=2'),
	('刘鑫', '2019-04-25 22:52:20', '主页', '查看个人会议', 'userID=1'),
	('测试员1', '2019-04-25 22:52:32', '主页', '查看个人会议', 'userID=2'),
	('测试员1', '2019-04-25 22:52:39', '主页', '查看个人会议', 'userID=2'),
	('测试员1', '2019-04-25 22:52:43', '主页', '查看个人会议', 'userID=2'),
	('刘鑫', '2019-04-25 22:52:44', '主页', '查看个人会议', 'userID=1'),
	('测试员1', '2019-04-25 22:52:54', '主页', '查看个人会议', 'userID=2'),
	('刘鑫', '2019-04-25 22:52:56', '主页', '查看个人会议', 'userID=1'),
	('测试员1', '2019-04-25 22:53:28', '主页', '查看个人会议', 'userID=2'),
	('刘鑫', '2019-04-25 22:53:30', '主页', '查看个人会议', 'userID=1'),
	('测试员1', '2019-04-25 22:53:36', '主页', '查看个人会议', 'userID=2'),
	('刘鑫', '2019-04-25 22:53:39', '主页', '查看个人会议', 'userID=1'),
	('测试员1', '2019-04-25 22:53:54', '主页', '查看个人会议', 'userID=2'),
	('刘鑫', '2019-04-25 22:53:55', '主页', '查看个人会议', 'userID=1'),
	('测试员1', '2019-04-25 22:54:14', '主页', '查看个人会议', 'userID=2'),
	('刘鑫', '2019-04-25 22:54:16', '主页', '查看个人会议', 'userID=1'),
	('测试员1', '2019-04-25 22:54:44', '主页', '查看个人会议', 'userID=2'),
	('测试员1', '2019-04-25 22:54:57', '主页', '查看个人会议', 'userID=2'),
	('测试员1', '2019-04-25 22:55:08', '主页', '查看个人会议', 'userID=2'),
	('测试员1', '2019-04-25 22:55:18', '主页', '查看个人会议', 'userID=2'),
	('测试员1', '2019-04-25 22:55:32', '主页', '查看个人会议', 'userID=2'),
	('刘鑫', '2019-04-25 22:55:39', '主页', '查看个人会议', 'userID=1'),
	('测试员1', '2019-04-25 22:55:53', '主页', '查看个人会议', 'userID=2'),
	('测试员1', '2019-04-25 22:55:58', '主页', '查看个人会议', 'userID=2'),
	('测试员1', '2019-04-25 22:56:04', '主页', '查看个人会议', 'userID=2'),
	('刘鑫', '2019-04-25 22:56:15', '主页', '查看个人会议', 'userID=1'),
	('测试员1', '2019-04-25 22:56:24', '主页', '查看个人会议', 'userID=2'),
	('测试员1', '2019-04-25 22:56:48', '主页', '查看个人会议', 'userID=2'),
	('测试员1', '2019-04-25 22:56:53', '主页', '查看个人会议', 'userID=2'),
	('刘鑫', '2019-04-25 22:56:59', '主页', '查看个人会议', 'userID=1'),
	('测试员1', '2019-04-25 22:57:10', '主页', '查看个人会议', 'userID=2'),
	('刘鑫', '2019-04-25 22:57:18', '主页', '查看个人会议', 'userID=1'),
	('刘鑫', '2019-04-25 22:57:20', '主页', '查看个人会议', 'userID=1'),
	('刘鑫', '2019-04-25 22:57:43', '主页', '查看个人会议', 'userID=1'),
	('刘鑫', '2019-04-25 22:57:51', '主页', '查看个人会议', 'userID=1'),
	('测试员1', '2019-04-25 22:57:59', '主页', '查看个人会议', 'userID=2'),
	('测试员1', '2019-04-25 22:58:01', '主页', '查看个人会议', 'userID=2'),
	('刘鑫', '2019-04-25 22:58:08', '主页', '查看个人会议', 'userID=1'),
	('刘鑫', '2019-04-25 22:58:28', '主页', '查看个人会议', 'userID=1'),
	('刘鑫', '2019-04-25 22:59:04', '主页', '查看个人会议', 'userID=1'),
	('刘鑫', '2019-04-25 23:01:12', '主页', '查看个人会议', 'userID=1'),
	('刘鑫', '2019-04-25 23:01:43', '主页', '查看个人会议', 'userID=1'),
	('刘鑫', '2019-04-25 23:01:45', '主页', '查看个人会议', 'userID=1'),
	('刘鑫', '2019-04-25 23:02:33', '主页', '查看个人会议', 'userID=1'),
	('刘鑫', '2019-04-25 23:03:09', '主页', '查看个人会议', 'userID=1'),
	('刘鑫', '2019-04-25 23:03:29', '主页', '查看个人会议', 'userID=1'),
	('刘鑫', '2019-04-25 23:05:36', '主页', '查看个人会议', 'userID=1'),
	('刘鑫', '2019-04-25 23:05:52', '主页', '查看个人会议', 'userID=1'),
	('刘鑫', '2019-04-25 23:05:54', '主页', '查看个人会议', 'userID=1'),
	('刘鑫', '2019-04-25 23:07:33', '主页', '查看个人会议', 'userID=1'),
	('测试员1', '2019-04-25 23:13:27', '主页', '查看个人会议', 'userID=2'),
	('测试员1', '2019-04-25 23:22:56', '主页', '查看个人会议', 'userID=2'),
	('刘鑫', '2019-04-25 23:27:05', '主页', '查看个人会议', 'userID=1'),
	('刘鑫', '2019-04-25 23:27:23', '主页', '查看个人会议', 'userID=1'),
	('刘鑫', '2019-04-25 23:27:26', '主页', '查看个人会议', 'userID=1'),
	('刘鑫', '2019-04-25 23:27:27', '主页', '查看个人会议', 'userID=1'),
	('刘鑫', '2019-04-25 23:28:25', '主页', '查看个人会议', 'userID=1'),
	('刘鑫', '2019-04-25 23:28:30', '主页', '查看个人会议', 'userID=1'),
	('刘鑫', '2019-04-25 23:28:55', '主页', '查看个人会议', 'userID=1'),
	('刘鑫', '2019-04-25 23:33:05', '主页', '查看个人会议', 'userID=1'),
	('刘鑫', '2019-04-25 23:33:08', '主页', '查看个人会议', 'userID=1'),
	('刘鑫', '2019-04-25 23:33:14', '主页', '查看个人会议', 'userID=1'),
	('测试员1', '2019-04-25 23:34:31', '主页', '查看个人会议', 'userID=2'),
	('测试员1', '2019-04-25 23:39:45', '主页', '查看个人会议', 'userID=2'),
	('刘鑫', '2019-04-25 23:45:41', '主页', '查看个人会议', 'userID=1'),
	('刘鑫', '2019-04-25 23:45:44', '主页', '查看个人会议', 'userID=1'),
	('刘鑫', '2019-04-25 23:45:46', '主页', '查看个人会议', 'userID=1'),
	('刘鑫', '2019-04-25 23:47:19', '主页', '查看个人会议', 'userID=1'),
	('刘鑫', '2019-04-25 23:48:14', '主页', '查看个人会议', 'userID=1'),
	('刘鑫', '2019-04-25 23:48:15', '主页', '查看个人会议', 'userID=1'),
	('刘鑫', '2019-04-25 23:48:16', '主页', '查看个人会议', 'userID=1'),
	('刘鑫', '2019-04-25 23:50:08', '主页', '查看个人会议', 'userID=1'),
	('测试员1', '2019-04-25 23:50:17', '主页', '查看个人会议', 'userID=2'),
	('测试员1', '2019-04-25 23:50:18', '主页', '查看个人会议', 'userID=2'),
	('测试员1', '2019-04-25 23:50:20', '主页', '查看个人会议', 'userID=2'),
	('测试员1', '2019-04-25 23:50:33', '主页', '查看个人会议', 'userID=2'),
	('测试员1', '2019-04-25 23:50:35', '主页', '查看个人会议', 'userID=2'),
	('测试员1', '2019-04-25 23:50:50', '主页', '查看个人会议', 'userID=2'),
	('测试员1', '2019-04-25 23:50:53', '主页', '查看个人会议', 'userID=2'),
	('测试员1', '2019-04-25 23:50:54', '主页', '查看个人会议', 'userID=2'),
	('测试员1', '2019-04-25 23:50:55', '主页', '查看个人会议', 'userID=2'),
	('测试员1', '2019-04-25 23:50:57', '主页', '查看个人会议', 'userID=2'),
	('测试员1', '2019-04-25 23:51:23', '主页', '查看个人会议', 'userID=2'),
	('测试员1', '2019-04-25 23:51:28', '主页', '查看个人会议', 'userID=2'),
	('刘鑫', '2019-04-25 23:51:48', '主页', '查看个人会议', 'userID=1'),
	('刘鑫', '2019-04-25 23:51:51', '主页', '查看个人会议', 'userID=1'),
	('null', '2019-04-25 23:51:56', '个人中心', '查看个人资料', 'userID=1'),
	('刘鑫', '2019-04-25 23:52:05', '主页', '查看个人会议', 'userID=1'),
	('刘鑫', '2019-04-25 23:52:06', '主页', '查看个人会议', 'userID=1'),
	('刘鑫', '2019-04-25 23:52:08', '主页', '查看个人会议', 'userID=1'),
	('刘鑫', '2019-04-25 23:52:11', '主页', '查看个人会议', 'userID=1'),
	('刘鑫', '2019-04-25 23:52:14', '主页', '查看个人会议', 'userID=1'),
	('刘鑫', '2019-04-25 23:52:14', '主页', '查看个人会议', 'userID=1'),
	('刘鑫', '2019-04-25 23:52:21', '主页', '查看个人会议', 'userID=1'),
	('刘鑫', '2019-04-26 11:54:38', '主页', '查看个人会议', 'userID=1'),
	('', '2019-04-26 11:54:46', '主页', '查看个人会议', 'userID='),
	('刘鑫', '2019-04-26 11:54:54', '主页', '查看个人会议', 'userID=1'),
	('刘鑫', '2019-04-26 11:55:19', '主页', '查看个人会议', 'userID=1'),
	('刘鑫', '2019-04-26 11:56:40', '主页', '查看个人会议', 'userID=1'),
	('刘鑫', '2019-04-26 11:56:50', '会议管理', '查看全部会议', 'name=刘鑫'),
	('刘鑫', '2019-04-26 11:58:48', '会议管理', '查看会议纪要', 'name=刘鑫'),
	('刘鑫', '2019-04-26 11:59:25', '主页', '查看个人会议', 'userID=1'),
	('刘鑫', '2019-04-26 12:24:11', '主页', '查看个人会议', 'userID=1'),
	('测试员1', '2019-04-26 12:24:19', '主页', '查看个人会议', 'userID=2'),
	('测试员1', '2019-04-26 12:26:28', '主页', '查看个人会议', 'userID=2'),
	('测试员2', '2019-04-26 12:26:35', '主页', '查看个人会议', 'userID=3'),
	('测试员2', '2019-04-26 12:41:36', '主页', '查看个人会议', 'userID=3'),
	('刘鑫', '2019-04-26 12:41:44', '主页', '查看个人会议', 'userID=1'),
	('刘鑫', '2019-04-26 19:05:45', '主页', '查看个人会议', 'userID=1'),
	('刘鑫', '2019-04-26 19:06:21', '主页', '查看个人会议', 'userID=1'),
	('刘鑫', '2019-04-26 19:06:35', '主页', '查看个人会议', 'userID=1'),
	('刘鑫', '2019-04-26 19:06:41', '主页', '查看个人会议', 'userID=1'),
	('刘鑫', '2019-04-26 19:06:49', '主页', '查看个人会议', 'userID=1'),
	('刘鑫', '2019-04-26 19:06:53', '主页', '查看个人会议', 'userID=1'),
	('刘鑫', '2019-04-26 19:06:56', '主页', '查看个人会议', 'userID=1'),
	('', '2019-04-26 19:07:04', '主页', '查看个人会议', 'userID='),
	('测试员1', '2019-04-26 19:07:13', '主页', '查看个人会议', 'userID=2'),
	('测试员1', '2019-04-26 19:07:18', '主页', '查看个人会议', 'userID=2'),
	('测试员1', '2019-04-26 19:07:19', '主页', '查看个人会议', 'userID=2'),
	('测试员1', '2019-04-26 19:07:24', '主页', '查看个人会议', 'userID=2'),
	('测试员1', '2019-04-26 19:07:25', '主页', '查看个人会议', 'userID=2'),
	('刘鑫', '2019-04-26 19:08:16', '主页', '查看个人会议', 'userID=1'),
	('刘鑫', '2019-04-26 19:12:47', '主页', '查看个人会议', 'userID=1'),
	('刘鑫', '2019-04-26 19:26:00', '主页', '查看个人会议', 'userID=1'),
	('刘鑫', '2019-04-26 19:26:01', '主页', '查看个人会议', 'userID=1'),
	('刘鑫', '2019-04-26 19:26:06', '主页', '查看个人会议', 'userID=1'),
	('null', '2019-04-26 19:26:07', '个人中心', '查看个人资料', 'userID=1'),
	('null', '2019-04-26 19:26:11', '个人中心', '查看个人资料', 'userID=1'),
	('null', '2019-04-26 19:26:16', '个人中心', '查看个人资料', 'userID=1'),
	('刘鑫', '2019-04-26 19:26:22', '主页', '查看个人会议', 'userID=1'),
	('刘鑫', '2019-04-26 19:26:23', '主页', '查看个人会议', 'userID=1'),
	('刘鑫', '2019-04-26 19:26:26', '主页', '查看个人会议', 'userID=1'),
	('null', '2019-04-26 19:26:27', '个人中心', '查看个人资料', 'userID=1'),
	('刘鑫', '2019-04-26 19:26:43', '主页', '查看个人会议', 'userID=1'),
	('刘鑫', '2019-04-26 19:26:45', '主页', '查看个人会议', 'userID=1'),
	('刘鑫', '2019-04-26 19:26:47', '主页', '查看个人会议', 'userID=1'),
	('刘鑫', '2019-04-26 19:26:48', '主页', '查看个人会议', 'userID=1'),
	('刘鑫', '2019-04-26 19:26:50', '主页', '查看个人会议', 'userID=1'),
	('刘鑫', '2019-04-26 19:26:58', '主页', '查看个人会议', 'userID=1'),
	('刘鑫', '2019-04-26 19:27:02', '会议管理', '查看全部会议', 'name=刘鑫'),
	('刘鑫', '2019-04-26 20:11:37', '会议管理', '查看全部会议', 'name=刘鑫'),
	('刘鑫', '2019-04-26 20:11:51', '会议管理', '查看全部会议', 'name=刘鑫'),
	('刘鑫', '2019-04-26 20:11:59', '会议管理', '查看会议纪要', 'name=刘鑫'),
	('刘鑫', '2019-04-26 20:22:47', '会议管理', '查看全部会议', 'name=刘鑫'),
	('刘鑫', '2019-04-26 20:22:54', '会议管理', '查看会议纪要', 'name=刘鑫'),
	('刘鑫', '2019-04-26 20:26:25', '会议管理', '查看全部会议', 'name=刘鑫'),
	('刘鑫', '2019-04-26 20:27:10', '会议管理', '查看全部会议', 'name=刘鑫'),
	('刘鑫', '2019-04-26 20:28:28', '会议管理', '查看全部会议', 'name=刘鑫'),
	('刘鑫', '2019-04-26 20:31:46', '会议管理', '查看全部会议', 'name=刘鑫'),
	('刘鑫', '2019-04-26 20:35:35', '会议管理', '查看全部会议', 'name=刘鑫'),
	('刘鑫', '2019-04-26 20:35:39', '会议管理', '查看会议纪要', 'name=刘鑫'),
	('刘鑫', '2019-04-26 20:36:38', '主页', '查看个人会议', 'userID=1'),
	('刘鑫', '2019-04-26 20:36:45', '主页', '查看个人会议', 'userID=1'),
	('刘鑫', '2019-04-26 20:36:47', '主页', '查看个人会议', 'userID=1'),
	('刘鑫', '2019-04-26 20:37:19', '主页', '查看个人会议', 'userID=1'),
	('刘鑫', '2019-04-26 20:43:22', '主页', '查看个人会议', 'userID=1'),
	('刘鑫', '2019-04-26 20:43:23', '主页', '查看个人会议', 'userID=1'),
	('刘鑫', '2019-04-26 20:44:10', '主页', '查看个人会议', 'userID=1'),
	('刘鑫', '2019-04-26 20:44:11', '主页', '查看个人会议', 'userID=1'),
	('刘鑫', '2019-04-26 20:50:05', '主页', '查看个人会议', 'userID=1'),
	('刘鑫', '2019-04-26 20:50:06', '主页', '查看个人会议', 'userID=1'),
	('刘鑫', '2019-04-26 20:50:16', '主页', '查看个人会议', 'userID=1'),
	('刘鑫', '2019-04-26 20:50:22', '主页', '查看个人会议', 'userID=1'),
	('刘鑫', '2019-04-26 20:50:23', '主页', '查看个人会议', 'userID=1'),
	('刘鑫', '2019-04-26 20:50:27', '主页', '查看个人会议', 'userID=1'),
	('刘鑫', '2019-04-26 20:50:28', '主页', '查看个人会议', 'userID=1'),
	('刘鑫', '2019-04-26 20:52:00', '主页', '查看个人会议', 'userID=1'),
	('刘鑫', '2019-04-26 20:52:21', '主页', '查看个人会议', 'userID=1'),
	('刘鑫', '2019-04-26 20:52:44', '主页', '查看个人会议', 'userID=1'),
	('刘鑫', '2019-04-26 20:53:17', '主页', '查看个人会议', 'userID=1');
/*!40000 ALTER TABLE `businesslog` ENABLE KEYS */;

-- 导出  表 onlinemeeting.dephilanswer 结构
CREATE TABLE IF NOT EXISTS `dephilanswer` (
  `userID` int(5) NOT NULL,
  `questionID` int(5) NOT NULL,
  `discussionID` int(5) NOT NULL,
  `answer` varchar(100) COLLATE utf8_bin DEFAULT NULL,
  PRIMARY KEY (`userID`,`questionID`,`discussionID`)
) ENGINE=InnoDB DEFAULT CHARSET=utf8 COLLATE=utf8_bin;

-- 正在导出表  onlinemeeting.dephilanswer 的数据：~10 rows (大约)
/*!40000 ALTER TABLE `dephilanswer` DISABLE KEYS */;
INSERT INTO `dephilanswer` (`userID`, `questionID`, `discussionID`, `answer`) VALUES
	(1, 31, 2, 'D'),
	(1, 31, 7, 'A'),
	(1, 32, 2, 'A'),
	(1, 32, 7, 'B'),
	(1, 33, 2, 'B'),
	(1, 33, 7, 'C'),
	(1, 34, 2, '3121231'),
	(1, 34, 7, 'buhui'),
	(1, 35, 2, '132313123asd'),
	(1, 35, 7, '真不会!'),
	(2, 1, 1, 'A'),
	(2, 2, 1, 'B'),
	(2, 3, 1, 'B'),
	(2, 4, 1, 'D'),
	(2, 5, 1, 'A'),
	(2, 6, 1, 'C'),
	(2, 7, 1, 'D'),
	(2, 8, 1, 'A'),
	(2, 9, 1, 'D'),
	(2, 10, 1, 'C'),
	(2, 11, 1, 'B'),
	(2, 12, 1, 'A'),
	(2, 13, 1, '这个不知道的！'),
	(2, 14, 1, '真的不会啊老师，祝老师永远漂亮，永远年轻'),
	(2, 15, 1, '老师真棒！'),
	(2, 16, 1, 'spooling技术，虚拟硬盘，虚拟内存。'),
	(2, 17, 1, 'BE'),
	(2, 18, 1, 'ACD'),
	(2, 19, 1, 'BCD'),
	(2, 20, 1, 'BC'),
	(2, 31, 2, 'B'),
	(2, 31, 7, 'D'),
	(2, 32, 2, 'B'),
	(2, 32, 7, 'B'),
	(2, 33, 2, 'C'),
	(2, 33, 7, 'A'),
	(2, 34, 2, 'ceshi1'),
	(2, 34, 7, 'ceshi1'),
	(2, 35, 2, 'ceshi1'),
	(2, 35, 7, 'ceshi1'),
	(3, 1, 1, 'B'),
	(3, 2, 1, 'A'),
	(3, 3, 1, 'D'),
	(3, 4, 1, 'B'),
	(3, 5, 1, 'A'),
	(3, 6, 1, 'C'),
	(3, 7, 1, 'C'),
	(3, 8, 1, 'C'),
	(3, 9, 1, 'A'),
	(3, 10, 1, 'D'),
	(3, 11, 1, 'B'),
	(3, 12, 1, 'D'),
	(3, 13, 1, 'ceshi2'),
	(3, 14, 1, 'ceshi2'),
	(3, 15, 1, 'ceshi2'),
	(3, 16, 1, 'ceshi2'),
	(3, 17, 1, 'BC'),
	(3, 18, 1, 'CDE'),
	(3, 19, 1, 'BCE'),
	(3, 20, 1, 'AB'),
	(3, 31, 2, 'D'),
	(3, 32, 2, 'A'),
	(3, 33, 2, 'B'),
	(3, 34, 2, 'ceshi2'),
	(3, 35, 2, 'ceshi2');
/*!40000 ALTER TABLE `dephilanswer` ENABLE KEYS */;

-- 导出  表 onlinemeeting.discussion 结构
CREATE TABLE IF NOT EXISTS `discussion` (
  `discussionID` int(5) NOT NULL,
  `meetingID` int(5) NOT NULL,
  `discussionType` enum('D','S','C') COLLATE utf8_bin NOT NULL,
  `discussionName` varchar(30) COLLATE utf8_bin NOT NULL,
  `questionnaireID` int(5) DEFAULT NULL COMMENT '只有类型为D，德尔菲时才有用',
  `swotID` int(5) DEFAULT NULL,
  `competeHypothesID` int(5) DEFAULT NULL,
  PRIMARY KEY (`discussionID`)
) ENGINE=InnoDB DEFAULT CHARSET=utf8 COLLATE=utf8_bin COMMENT='三大工具：这是多对一的关系，每个会议上不能出现有相同的讨论：但讨论用的问卷可以一样';

-- 正在导出表  onlinemeeting.discussion 的数据：~6 rows (大约)
/*!40000 ALTER TABLE `discussion` DISABLE KEYS */;
INSERT INTO `discussion` (`discussionID`, `meetingID`, `discussionType`, `discussionName`, `questionnaireID`, `swotID`, `competeHypothesID`) VALUES
	(1, 1, 'D', '半期考试', 1, NULL, NULL),
	(2, 1, 'D', '期末考试', 4, NULL, NULL),
	(3, 2, 'D', '半期考试', 1, NULL, NULL),
	(4, 3, 'D', '半期考试', 1, NULL, NULL),
	(5, 4, 'D', '半期考试', 1, NULL, NULL),
	(6, 5, 'D', '半期考试', 1, NULL, NULL),
	(7, 1, 'D', '数据结构期末考试', 4, NULL, NULL);
/*!40000 ALTER TABLE `discussion` ENABLE KEYS */;

-- 导出  表 onlinemeeting.groupchat 结构
CREATE TABLE IF NOT EXISTS `groupchat` (
  `meetingID` int(5) NOT NULL,
  `userID` int(5) NOT NULL,
  `message` varchar(100) COLLATE utf8_bin NOT NULL,
  `sendTime` datetime NOT NULL
) ENGINE=InnoDB DEFAULT CHARSET=utf8 COLLATE=utf8_bin COMMENT='群聊消息记录';

-- 正在导出表  onlinemeeting.groupchat 的数据：~8 rows (大约)
/*!40000 ALTER TABLE `groupchat` DISABLE KEYS */;
INSERT INTO `groupchat` (`meetingID`, `userID`, `message`, `sendTime`) VALUES
	(1, 1, '大家好，我叫刘鑫', '2019-04-24 14:11:00'),
	(1, 2, '大家好，大家可以叫我哈尔', '2019-04-24 14:11:05'),
	(1, 3, '我不好，大家好才是真的好！', '2019-04-25 14:11:10'),
	(1, 4, '你在装什么，我不懂耶', '2019-04-25 14:12:35'),
	(1, 5, '是吗？真不懂吗老司机？', '2019-04-25 14:12:45'),
	(1, 4, '老司机？老司机是什么？', '2019-04-25 14:12:59'),
	(1, 6, '老司机就是丘明山车神', '2019-04-25 14:14:14'),
	(1, 7, '秋民山车神已飘下深沟....', '2019-04-25 14:15:00'),
	(1, 1, '真的吗？', '2019-04-25 23:38:56'),
	(1, 2, '不是真的!', '2019-04-26 20:45:38');
/*!40000 ALTER TABLE `groupchat` ENABLE KEYS */;

-- 导出  表 onlinemeeting.loginlog 结构
CREATE TABLE IF NOT EXISTS `loginlog` (
  `name` varchar(20) COLLATE utf8_bin NOT NULL,
  `loginTime` datetime NOT NULL,
  `loginIp` varchar(20) COLLATE utf8_bin NOT NULL
) ENGINE=InnoDB DEFAULT CHARSET=utf8 COLLATE=utf8_bin;

-- 正在导出表  onlinemeeting.loginlog 的数据：~41 rows (大约)
/*!40000 ALTER TABLE `loginlog` DISABLE KEYS */;
INSERT INTO `loginlog` (`name`, `loginTime`, `loginIp`) VALUES
	('刘鑫', '2019-04-11 04:19:15', '10.6.112.65'),
	('蔡徐坤1号', '2019-04-11 04:30:19', '10.6.112.65'),
	('蔡徐坤1号', '2019-04-11 04:33:37', '10.6.112.65'),
	('刘鑫', '2019-04-11 04:51:27', '10.6.112.65'),
	('蔡徐坤2号', '2019-04-11 04:57:11', '10.6.112.65'),
	('蔡徐坤3号', '2019-04-11 04:57:11', '10.6.112.65'),
	('刘鑫', '2019-04-11 04:57:11', '10.6.112.65'),
	('蔡徐坤5号', '2019-04-11 04:57:11', '10.6.112.65'),
	('蔡徐坤6号', '2019-04-11 04:57:11', '10.6.112.65'),
	('刘鑫', '2019-04-11 04:57:11', '10.6.112.65'),
	('蔡徐坤1号', '2019-04-11 04:57:11', '10.6.112.65'),
	('蔡徐坤2号', '2019-04-11 04:57:11', '10.6.112.65'),
	('刘鑫', '2019-04-11 04:57:11', '10.6.112.65'),
	('蔡徐坤6号', '2019-04-11 04:57:11', '10.6.112.65'),
	('刘鑫', '2019-04-11 04:57:11', '10.6.112.65'),
	('刘鑫', '2019-04-11 04:57:11', '10.6.112.65'),
	('蔡徐坤3号', '2019-04-11 04:57:11', '10.6.112.65'),
	('刘鑫', '2019-04-11 04:57:11', '10.6.112.65'),
	('蔡徐坤6号', '2019-04-11 04:57:11', '10.6.112.65'),
	('刘鑫', '2019-04-11 04:57:11', '10.6.112.65'),
	('蔡徐坤3号', '2019-04-11 04:57:11', '10.6.112.65'),
	('刘鑫', '2019-04-11 04:57:11', '10.6.112.65'),
	('蔡徐坤1号', '2019-04-11 04:57:11', '10.6.112.65'),
	('刘鑫', '2019-04-11 11:16:56', '10.6.112.65'),
	('刘鑫', '2019-04-12 10:15:28', '10.6.113.3'),
	('刘鑫', '2019-04-13 02:41:44', '10.6.112.239'),
	('刘鑫', '2019-04-17 10:33:18', '10.6.112.33'),
	('刘鑫', '2019-04-17 10:34:48', '10.6.112.33'),
	('刘鑫', '2019-04-17 10:36:42', '10.6.112.33'),
	('刘鑫', '2019-04-17 10:37:20', '10.6.112.33'),
	('刘鑫', '2019-04-17 10:38:01', '10.6.112.33'),
	('刘鑫', '2019-04-17 10:38:20', '10.6.112.33'),
	('刘鑫', '2019-04-17 10:39:19', '10.6.112.33'),
	('刘鑫', '2019-04-17 10:39:29', '10.6.112.33'),
	('刘鑫', '2019-04-17 10:40:28', '10.6.112.33'),
	('刘鑫', '2019-04-17 10:53:20', '10.6.112.33'),
	('刘鑫', '2019-04-17 10:54:03', '10.6.112.33'),
	('周七', '2019-04-17 10:55:09', '10.6.112.33'),
	('刘鑫', '2019-04-17 10:56:48', '10.6.112.33'),
	('刘鑫', '2019-04-17 11:00:01', '10.6.112.33'),
	('刘鑫', '2019-04-17 11:02:41', '10.6.112.33'),
	('刘鑫', '2019-04-17 12:26:04', '127.0.0.1'),
	('张三', '2019-04-17 12:26:21', '127.0.0.1'),
	('周七', '2019-04-17 12:26:52', '127.0.0.1'),
	('刘鑫', '2019-04-17 12:32:47', '127.0.0.1'),
	('刘鑫', '2019-04-17 06:59:17', '10.6.112.173'),
	('刘鑫', '2019-04-18 03:52:23', '10.6.112.140'),
	('刘鑫', '2019-04-18 09:24:46', '10.6.112.140'),
	('刘鑫', '2019-04-20 04:49:16', '10.6.113.3'),
	('刘鑫', '2019-04-21 12:58:16', '10.6.112.226'),
	('刘鑫', '2019-04-21 05:44:21', '10.6.112.226'),
	('刘鑫', '2019-04-22 09:46:09', '10.6.112.174'),
	('刘鑫', '2019-04-22 11:09:29', '10.6.112.174'),
	('刘鑫', '2019-04-22 11:14:06', '10.6.112.174'),
	('刘鑫', '2019-04-23 12:57:05', '10.6.112.208'),
	('刘鑫', '2019-04-23 12:57:13', '10.6.112.208'),
	('刘鑫', '2019-04-24 11:43:37', '10.6.112.187'),
	('测试员1', '2019-04-24 01:18:59', '127.0.0.1'),
	('刘鑫', '2019-04-24 01:29:20', '127.0.0.1'),
	('刘鑫', '2019-04-24 01:30:39', '127.0.0.1'),
	('刘鑫', '2019-04-25 02:17:01', '10.6.112.59'),
	('刘鑫', '2019-04-25 02:17:35', '10.6.112.59'),
	('测试员1', '2019-04-25 06:45:21', '10.6.112.59'),
	('刘鑫', '2019-04-25 21:51:11', '10.6.112.59'),
	('刘鑫', '2019-04-25 21:52:29', '10.6.112.59'),
	('测试员1', '2019-04-25 21:52:42', '10.6.112.59'),
	('刘鑫', '2019-04-25 22:57:18', '10.6.112.59'),
	('测试员1', '2019-04-25 22:57:59', '10.6.112.59'),
	('刘鑫', '2019-04-26 11:54:37', '10.6.112.62'),
	('刘鑫', '2019-04-26 11:54:54', '10.6.112.62'),
	('测试员1', '2019-04-26 12:24:18', '10.6.112.62'),
	('测试员2', '2019-04-26 12:26:35', '10.6.112.62'),
	('刘鑫', '2019-04-26 12:41:43', '10.6.112.62'),
	('刘鑫', '2019-04-26 19:06:35', '10.6.112.62'),
	('测试员1', '2019-04-26 19:07:13', '10.6.112.62');
/*!40000 ALTER TABLE `loginlog` ENABLE KEYS */;

-- 导出  表 onlinemeeting.meeting 结构
CREATE TABLE IF NOT EXISTS `meeting` (
  `meetingID` int(5) NOT NULL,
  `meetingName` varchar(20) COLLATE utf8_bin NOT NULL,
  `meetingIntro` varchar(50) COLLATE utf8_bin NOT NULL,
  `startTime` datetime NOT NULL,
  `endTime` datetime NOT NULL,
  `meetingStatusID` int(1) NOT NULL,
  `domainID` int(1) NOT NULL,
  `meetingThemeID` int(5) NOT NULL,
  `addressID` int(5) NOT NULL,
  `meetingKeyword` varchar(15) COLLATE utf8_bin NOT NULL,
  `host` varchar(15) COLLATE utf8_bin DEFAULT NULL,
  PRIMARY KEY (`meetingID`),
  KEY `FK1_meeting_meetingstatus` (`meetingStatusID`),
  KEY `FK2_meeting_meetingdomain` (`domainID`),
  KEY `FK3_meeting_meetingtheme` (`meetingThemeID`),
  KEY `FK4_meeting_address` (`addressID`),
  CONSTRAINT `FK1_meeting_meetingstatus` FOREIGN KEY (`meetingStatusID`) REFERENCES `meetingstatus` (`meetingStatusID`),
  CONSTRAINT `FK2_meeting_meetingdomain` FOREIGN KEY (`domainID`) REFERENCES `meetingdomain` (`domainID`),
  CONSTRAINT `FK3_meeting_meetingtheme` FOREIGN KEY (`meetingThemeID`) REFERENCES `meetingtheme` (`meetingThemeID`),
  CONSTRAINT `FK4_meeting_address` FOREIGN KEY (`addressID`) REFERENCES `address` (`addressID`)
) ENGINE=InnoDB DEFAULT CHARSET=utf8 COLLATE=utf8_bin;

-- 正在导出表  onlinemeeting.meeting 的数据：~13 rows (大约)
/*!40000 ALTER TABLE `meeting` DISABLE KEYS */;
INSERT INTO `meeting` (`meetingID`, `meetingName`, `meetingIntro`, `startTime`, `endTime`, `meetingStatusID`, `domainID`, `meetingThemeID`, `addressID`, `meetingKeyword`, `host`) VALUES
	(1, '第一次班级会议', '此次班级会议在于同学自我介绍与认识', '2019-04-08 12:00:00', '2019-06-08 12:30:00', 1, 1, 1, 2, '友谊', '刘鑫'),
	(2, '第二次班级会议', '此次班级会议在于同学自我介绍与认识', '2019-04-24 08:30:00', '2019-06-08 20:00:00', 1, 1, 2, 0, '友谊', '超级管理员'),
	(3, '第三次班级会议', '此次班级会议在于同学自我介绍与认识', '2019-05-01 09:20:00', '2019-06-08 15:30:00', 2, 1, 3, 3, '友谊', '刘鑫'),
	(4, '蔡徐坤班级会议', '此次班级会议在于展现蔡徐坤球星的打篮球风姿', '2019-04-12 00:00:00', '2019-06-08 00:00:00', 1, 7, 4, 0, '蔡徐坤打篮球', '超级管理员'),
	(5, '蔡徐坤班级会议', '此次班级会议在于展现蔡徐坤的rap风姿', '2019-04-12 00:00:00', '2019-06-08 00:00:00', 1, 7, 5, 1, '蔡徐坤Rap', '超级管理员'),
	(6, '蔡徐坤与吴亦凡比拼', '此次PK主要是比拼蔡徐坤同学的Rap是否能够更胜一筹吴老师的大碗面巅峰作品', '2019-04-02 00:00:00', '2019-04-14 00:00:00', 2, 7, 6, 4, '蔡徐坤Rap', '超级管理员'),
	(7, '蔡徐坤与吴亦凡比拼', '此次PK主要是比拼蔡徐坤同学的Rap是否能够更胜一筹吴老师的大碗面巅峰作品', '2019-04-02 00:00:00', '2019-06-08 00:00:00', 1, 7, 7, 0, '蔡徐坤Rap', '超级管理员'),
	(8, '蔡徐坤与吴亦凡比拼', '此次PK主要是比拼蔡徐坤同学的Rap是否能够更胜一筹吴老师的大碗面巅峰作品', '2019-04-02 00:00:00', '2019-04-20 00:00:00', 2, 7, 8, 2, '蔡徐坤Rap', '超级管理员'),
	(9, '蔡徐坤与吴亦凡比拼', '此次PK主要是比拼蔡徐坤同学的Rap是否能够更胜一筹吴老师的大碗面巅峰作品', '2019-04-02 00:00:00', '2019-06-08 00:00:00', 1, 7, 9, 0, '蔡徐坤Rap', '超级管理员'),
	(10, '231321321123', '321312风复古风格', '2019-04-30 00:00:00', '2019-06-12 00:00:00', 3, 2, 2, 1, '2131312', ''),
	(11, '庆祝开国七十周年庆', '为庆祝开国七十周年庆，习主席亲自主持本次大会，全国人民举国欢庆！', '2019-10-01 00:00:00', '2019-10-10 00:00:00', 3, 1, 8, 1, '建国、七十周年', '刘鑫'),
	(12, '庆祝开国七十周年庆', '为庆祝开国七十周年庆，习主席亲自主持本次大会，全国人民举国欢庆！', '2019-10-01 00:00:00', '2019-10-10 00:00:00', 3, 1, 8, 1, '建国、七十周年', '刘鑫'),
	(13, '庆祝开国七十周年庆', '为庆祝开国七十周年庆，习主席亲自主持本次大会，全国人民举国欢庆！', '2019-10-01 00:00:00', '2019-10-10 00:00:00', 2, 1, 8, 1, '建国、七十周年', '刘鑫');
/*!40000 ALTER TABLE `meeting` ENABLE KEYS */;

-- 导出  表 onlinemeeting.meetingdomain 结构
CREATE TABLE IF NOT EXISTS `meetingdomain` (
  `domainID` int(2) NOT NULL,
  `domainName` varchar(50) COLLATE utf8_bin NOT NULL,
  `createName` varchar(20) COLLATE utf8_bin DEFAULT NULL,
  `createTime` datetime DEFAULT NULL,
  PRIMARY KEY (`domainID`)
) ENGINE=InnoDB DEFAULT CHARSET=utf8 COLLATE=utf8_bin;

-- 正在导出表  onlinemeeting.meetingdomain 的数据：~9 rows (大约)
/*!40000 ALTER TABLE `meetingdomain` DISABLE KEYS */;
INSERT INTO `meetingdomain` (`domainID`, `domainName`, `createName`, `createTime`) VALUES
	(1, '四川师范大学计算机科学学院2015级3班网络工程', '超级管理员', '2019-04-08 00:00:00'),
	(2, '四川师范大学计算机科学学院2015级4班软件工程', '超级管理员', '2019-04-08 00:00:00'),
	(3, '四川师范大学计算机科学学院2015级1班计算机科学与技术', '超级管理员', '2019-04-08 00:00:00'),
	(4, '四川师范大学计算机科学学院2015级2班嵌入式', '超级管理员', '2019-04-08 00:00:00'),
	(5, '四川师范大学计算机科学学院2015级5班电子商务', '超级管理员', '2019-04-08 00:00:00'),
	(6, '四川师范大学计算机科学学院2015级6班教育技术学', '超级管理员', '2019-04-08 00:00:00'),
	(7, '韩国二年级练习生一班', '超级管理员', '2019-04-08 00:00:00'),
	(8, '四川师范大学计算机科学学院学生会', '超级管理员', '2019-04-18 00:00:00'),
	(9, '四川师范大学计算机科学学院分团委', '超级管理员', '2019-04-18 00:00:00');
/*!40000 ALTER TABLE `meetingdomain` ENABLE KEYS */;

-- 导出  表 onlinemeeting.meetingstatus 结构
CREATE TABLE IF NOT EXISTS `meetingstatus` (
  `meetingStatusID` int(1) NOT NULL,
  `meetingStatusName` varchar(5) COLLATE utf8_bin NOT NULL,
  PRIMARY KEY (`meetingStatusID`)
) ENGINE=InnoDB DEFAULT CHARSET=utf8 COLLATE=utf8_bin;

-- 正在导出表  onlinemeeting.meetingstatus 的数据：~2 rows (大约)
/*!40000 ALTER TABLE `meetingstatus` DISABLE KEYS */;
INSERT INTO `meetingstatus` (`meetingStatusID`, `meetingStatusName`) VALUES
	(1, '进行中'),
	(2, '已完成'),
	(3, '未开始');
/*!40000 ALTER TABLE `meetingstatus` ENABLE KEYS */;

-- 导出  表 onlinemeeting.meetingtheme 结构
CREATE TABLE IF NOT EXISTS `meetingtheme` (
  `meetingThemeID` int(5) NOT NULL,
  `themeName` varchar(50) COLLATE utf8_bin NOT NULL,
  `createTime` date NOT NULL,
  `updateTime` date NOT NULL,
  `documentName` varchar(20) COLLATE utf8_bin DEFAULT NULL,
  `author` varchar(20) COLLATE utf8_bin NOT NULL,
  PRIMARY KEY (`meetingThemeID`)
) ENGINE=InnoDB DEFAULT CHARSET=utf8 COLLATE=utf8_bin;

-- 正在导出表  onlinemeeting.meetingtheme 的数据：~11 rows (大约)
/*!40000 ALTER TABLE `meetingtheme` DISABLE KEYS */;
INSERT INTO `meetingtheme` (`meetingThemeID`, `themeName`, `createTime`, `updateTime`, `documentName`, `author`) VALUES
	(1, '蔡徐坤打球真帅', '2019-04-09', '2019-04-09', '', '超级管理员'),
	(2, '我们要好好学习', '2019-04-09', '2019-04-09', '', '超级管理员'),
	(3, '毕业设计好好做', '2019-04-09', '2019-04-09', '', '超级管理员'),
	(4, '认真学习党的十九大精神', '2019-04-09', '2019-04-09', '', '超级管理员'),
	(5, '抓好“两不愁、三保障”', '2019-04-09', '2019-04-09', '', '超级管理员'),
	(6, '2020年全面实现小康生活', '2019-04-09', '2019-04-09', '', '超级管理员'),
	(7, '要保证贫富差距不要过大', '2019-04-09', '2019-04-09', '', '超级管理员'),
	(8, '建国七十周年庆', '2019-04-09', '2019-04-09', '', '超级管理员'),
	(9, '认真学习习近平总书记的思想', '2019-04-09', '2019-04-09', '', '超级管理员'),
	(10, '全心全意为人民服务、时刻与人民在一起', '2019-04-09', '2019-04-09', '', '超级管理员'),
	(11, '改革开放四十周年总结', '2019-04-09', '2019-04-09', '', '超级管理员');
/*!40000 ALTER TABLE `meetingtheme` ENABLE KEYS */;

-- 导出  表 onlinemeeting.menupermission 结构
CREATE TABLE IF NOT EXISTS `menupermission` (
  `menuPermissionID` int(5) NOT NULL,
  `menuName` varchar(20) COLLATE utf8_bin NOT NULL,
  `menuClass` varchar(20) COLLATE utf8_bin NOT NULL,
  PRIMARY KEY (`menuPermissionID`)
) ENGINE=InnoDB DEFAULT CHARSET=utf8 COLLATE=utf8_bin COMMENT='菜单权限表';

-- 正在导出表  onlinemeeting.menupermission 的数据：~19 rows (大约)
/*!40000 ALTER TABLE `menupermission` DISABLE KEYS */;
INSERT INTO `menupermission` (`menuPermissionID`, `menuName`, `menuClass`) VALUES
	(1, '全部会议', '.allMeeting'),
	(2, '会议纪要', '.meetingAbstract'),
	(3, '创建会议', '.createMeeting'),
	(4, '德尔菲', '.delphiTool'),
	(5, 'SWOT', '.swotPage'),
	(6, '竞争性假设', '.competeHypothes'),
	(7, '工具使用情况', '.toolUsage'),
	(8, '报文数据', '.messageData'),
	(9, '多媒体数据', '.multiMediaData'),
	(10, '外部专家数据', '.experData'),
	(11, '语音白板数据', '.voiceWhiteboardData'),
	(12, '历史会议数据', '.historyData'),
	(13, '其他数据', '.otherData'),
	(14, '登录日志', '.loginLog'),
	(15, '业务日志', '.businessLog'),
	(16, '地址管理', '.venueManage'),
	(17, '用户管理', '.userManage'),
	(18, '角色管理', '.roleManage'),
	(19, '领域管理', '.domainWeightManage');
/*!40000 ALTER TABLE `menupermission` ENABLE KEYS */;

-- 导出  表 onlinemeeting.question 结构
CREATE TABLE IF NOT EXISTS `question` (
  `questionID` int(5) NOT NULL,
  `questionName` varchar(200) COLLATE utf8_bin NOT NULL,
  `questionKey` varchar(200) COLLATE utf8_bin DEFAULT NULL,
  `questionType` enum('单选','多选','简答') COLLATE utf8_bin NOT NULL,
  `selectA` varchar(50) COLLATE utf8_bin DEFAULT NULL,
  `selectB` varchar(50) COLLATE utf8_bin DEFAULT NULL,
  `selectC` varchar(50) COLLATE utf8_bin DEFAULT NULL,
  `selectD` varchar(50) COLLATE utf8_bin DEFAULT NULL,
  `selectE` varchar(50) COLLATE utf8_bin DEFAULT NULL,
  `createUser` varchar(20) COLLATE utf8_bin DEFAULT NULL,
  `createTime` datetime NOT NULL,
  `updateTime` datetime NOT NULL,
  PRIMARY KEY (`questionID`)
) ENGINE=InnoDB DEFAULT CHARSET=utf8 COLLATE=utf8_bin;

-- 正在导出表  onlinemeeting.question 的数据：~33 rows (大约)
/*!40000 ALTER TABLE `question` DISABLE KEYS */;
INSERT INTO `question` (`questionID`, `questionName`, `questionKey`, `questionType`, `selectA`, `selectB`, `selectC`, `selectD`, `selectE`, `createUser`, `createTime`, `updateTime`) VALUES
	(1, '操作系统负责为用户程序完成（）的工作', 'A', '单选', '应用无关和硬件相关', '应用无关和硬件无关', '应用相关和硬件相关', '应用相关和硬件无关', NULL, '超级管理员', '2019-04-20 22:00:00', '2019-04-21 23:00:00'),
	(2, '操作系统是对（）进行管理的软件', 'C', '单选', '硬件', '软件', '计算机资源', '应用程序', NULL, '超级管理员', '2019-04-20 22:00:00', '2019-04-21 23:00:00'),
	(3, '用户通过（）来调用操作系统', 'C', '单选', '跳转指令', '子程序调用指令', '系统调用指令', '以上3种方始都可', NULL, '超级管理员', '2019-04-20 22:00:00', '2019-04-21 23:00:00'),
	(4, '所谓（）是指将一个以上的作业放到主存，这些作业共享计算机资源，且同时处于运行开始与运行结束之间', 'A', '单选', '多道', '批处理', '分时', '实时', NULL, '超级管理员', '2019-04-20 22:00:00', '2019-04-21 23:00:00'),
	(5, '以下下（）不是分时系统的特征。(交互性，多路性，及时性、独立性)', 'D', '单选', '交互性', '多路性', '及时性', '同时性', NULL, '超级管理员', '2019-04-20 22:00:00', '2019-04-21 23:00:00'),
	(6, '计算机操作系统的功能是（）', 'D', '单选', '把源代码转换成目标代码', '提供硬件与软件之间的转换', '提供各种中断处理程序', '管理计算机资源并提供用户接口', NULL, '超级管理员', '2019-04-20 22:00:00', '2019-04-21 23:00:00'),
	(7, '操作系统的特征是（）共享、虚拟以及异步', 'A', '单选', '并发', '多道', '中断', '实时', NULL, '超级管理员', '2019-04-20 22:00:00', '2019-04-21 23:00:00'),
	(8, '处理器将操作系统程序执行的状态与用户程序执行状态称为？', 'B', '单选', '屏蔽中断状态和开放中断状态', '用户态与核心态', '关闭状态与开放状态', '', NULL, '超级管理员', '2019-04-20 22:00:00', '2019-04-21 23:00:00'),
	(9, '下列什么不是OS关心的主要问题', 'D', '单选', '管理计算机裸机', '设计用户程序与计算机硬件系统的界面', '管理计算机系统资源', '高级程序设计语言的编译器', NULL, '超级管理员', '2019-04-20 22:00:00', '2019-04-21 23:00:00'),
	(10, '允许多个用户交互方式使用计算机的OS称为（）', 'B', '单选', '批处理OS', '分时OS', '多处理器OS', '实时OS', '网络OS', '超级管理员', '2019-04-20 22:00:00', '2019-04-21 23:00:00'),
	(11, '允许多个用户将作业计算机集中处理的计算机称为（）', 'A', '单选', '批处理OS', '分时OS', '多处理器OS', '实时OS', '网络OS', '超级管理员', '2019-04-20 22:00:00', '2019-04-21 23:00:00'),
	(12, '系统及时处理过程控制数据并作出响应的OS称为（）', 'D', '单选', '批处理OS', '分时OS', '多处理器OS', '实时OS', '网络OS', '超级管理员', '2019-04-20 22:00:00', '2019-04-21 23:00:00'),
	(13, '什么是操作系统？有哪些基本功能？', ' ', '简答', NULL, NULL, NULL, NULL, NULL, '超级管理员', '2019-04-20 22:00:00', '2019-04-21 23:00:00'),
	(14, '单核操作系统与微核操作系统有啥区别？各有什么优缺点？', ' ', '简答', NULL, NULL, NULL, NULL, NULL, '超级管理员', '2019-04-20 22:00:00', '2019-04-21 23:00:00'),
	(15, '为什么机器要分成至少两种状态：核态和用户态？开机时机器应处于哪种状态？为什么？', ' ', '简答', NULL, NULL, NULL, NULL, NULL, '超级管理员', '2019-04-20 22:00:00', '2019-04-21 23:00:00'),
	(16, '操作系统提供哪些虚拟技术？', ' ', '简答', NULL, NULL, NULL, NULL, NULL, '超级管理员', '2019-04-20 22:00:00', '2019-04-21 23:00:00'),
	(17, '下列进程状态的转换中，（）是不可能的。', 'DE', '多选', '运行态—就绪态', '运行态—等待态', '等待态—就绪态', '等待态—运行态', '就绪态—等待态', '超级管理员', '2019-04-20 22:00:00', '2019-04-21 23:00:00'),
	(18, '在存储管理中允许作业可不占有连续主存空间的是( )。', 'BCE', '多选', '单用户连续管理\r\n', '页式存储管理', '段式存储管理', '可变分区存储管理', '段页式存储管理', '超级管理员', '2019-04-20 22:00:00', '2019-04-21 23:00:00'),
	(19, '在交互控制方式下，用户可采用(  )来控制作业的执行', 'BE', '多选', '作业控制语言', '.命令语言', '汇编语言', '高级程序设计语言', '会话语言', '超级管理员', '2019-04-20 22:00:00', '2019-04-21 23:00:00'),
	(20, '有关作业管理的下述描述中，(   )是正确的。', 'ADE', '多选', '系统现有空闲资源能满足被选作业的资源要求是选择作业进人主存的一个必要条件', '作业与进程是一一对应的', '作业调度选中一一个作业后，与作业相关的进程就处于运行状态', '在兼有批处理和分时的计算机系统中，往往把终端作业作为前台作业，把批处理作业作为后台作业', '批处理作业是在输人井中等待处理的5. Windows 95是一个(ABCDE )操作系统。', '超级管理员', '2019-04-20 22:00:00', '2019-04-21 23:00:00'),
	(21, '我们将从源主机向目的主机发送30Mbit的MP3文件。在源和目的端之间的路径中所有链路的传输速率都是10Mbps。假设传播速率是2*108  m/s，源和目的端之间的距离是10,000 km', 'B', '单选', '50毫秒 \r\n', '3 秒\r\n', '3.05 秒\r\n', '以上答案均不正确\r\n', NULL, '超级管理员', '2019-04-21 23:00:00', '2019-04-21 23:00:00'),
	(22, '网络带宽的单位bps是', 'A', '单选', '每秒传输的位数', '每秒传输的字节数', '每秒传输的分组数', '每秒传输的报文数', NULL, '超级管理员', '2019-04-21 23:00:00', '2019-04-21 23:00:00'),
	(23, '协议要素中的语法是指', 'B', '单选', '字段的含义', '报文的格式', '时间同步', '请求和响应过程', NULL, '超级管理员', '2019-04-21 23:00:00', '2019-04-21 23:00:00'),
	(24, '在TCP协议中，建立连接和中断连接需要经过_______阶段', 'CD', '多选', '直接握手', '2次握手', '3次握手', '4次握手', '5次握手', '超级管理员', '2019-04-21 23:00:00', '2019-04-21 23:00:00'),
	(25, '简述浏览器访问一个网页的过程？', '1.浏览器向服务器发出对该页面中所包含对象的HTTP请求报文 2.服务器接受请求并用包含这些对象的H', '简答', NULL, NULL, NULL, NULL, NULL, '超级管理员', '2019-04-21 23:00:00', '2019-04-21 23:00:00'),
	(26, '软件是一种逻辑产品，它的开发主要是', 'A', '单选', '研制', '拷贝', '再生产', '复制', NULL, '超级管理员', '2019-04-21 23:00:00', '2019-04-21 23:00:00'),
	(27, '软件生命周期一般包括：软件开发期和软件运行期，下述（   ）不是软件开发期所应包含的内容', 'D', '单选', '需求分析', '结构设计', '程序编制', '软件维护', NULL, '超级管理员', '2019-04-21 23:00:00', '2019-04-21 23:00:00'),
	(28, 'Jackson设计方法是由英国的M．Jackson所提出的。它是一种面向(  )的软件设', 'C', '单选', '对象', '数据流', '数据结构', '控制结构', NULL, '超级管理员', '2019-04-21 23:00:00', '2019-04-21 23:00:00'),
	(29, '软件项目开发的进度安排必须解决好哪几个问题？', ' 1）任务、人力、时间等资源的分配应与工程进度相一致；2）任务的分解与并行开发；3）工作量的分配；4', '简答', NULL, NULL, NULL, NULL, NULL, '超级管理员', '2019-04-21 23:00:00', '2019-04-21 23:00:00'),
	(30, '什么是数据流图？', '数据流图:简称DFD,是SA(结构化分析)方法中用于表示系统逻辑模型的一种工具.是一种功能模型.', '单选', NULL, NULL, NULL, NULL, NULL, '超级管理员', '2019-04-21 23:00:00', '2019-04-21 23:00:00'),
	(31, '下面给出的四种排序算法中（ ）排序法是不稳定性排序法。', 'A', '单选', '插入排序', '冒泡排序', ' 归并排序', '堆排序', 'null', '', '2019-04-22 09:45:49', '2019-04-22 09:45:49'),
	(32, '设有序表中有1000个元素，则用二分查找查找元素X最多需要比较（ ）次。', 'B', '单选', '25', '10', '7', '1', 'null', '刘鑫', '2019-04-22 09:46:45', '2019-04-22 09:46:45'),
	(33, '若用邻接矩阵表示一个有向图，则其中每一列包含的″1″的个数为（　　　', 'C', '单选', '图中每个顶点的入度', '图中每个顶点的出度', '图中弧的条数', '图中连通分量的数目', 'null', '刘鑫', '2019-04-22 09:48:04', '2019-04-22 09:48:04'),
	(34, '一个一维数组a[10]中存储着有序表(15,26,34,39,45,56,58,63,74,76)，根据折半搜索所对应的判定树，写出该判定树中度为1的结点个数，并求出在等概率情况下进行成功搜索时的平均搜索长度。', '度为1的结点个数：3 平均搜索长度：29/10', '简答', 'null', 'null', 'null', 'null', 'null', '刘鑫', '2019-04-22 09:50:47', '2019-04-22 09:50:47'),
	(35, '已知一个数据序列为{6,45,27,23,41,5,56,64}，把它调整为大根堆的结果。', '{64,45,56,23,41,5,27,6}', '简答', 'null', 'null', 'null', 'null', 'null', '刘鑫', '2019-04-22 09:52:02', '2019-04-22 09:52:02');
/*!40000 ALTER TABLE `question` ENABLE KEYS */;

-- 导出  表 onlinemeeting.questionnaire 结构
CREATE TABLE IF NOT EXISTS `questionnaire` (
  `questionnaireID` int(5) NOT NULL,
  `questionnaireName` varchar(30) COLLATE utf8_bin NOT NULL,
  `createUser` varchar(15) COLLATE utf8_bin DEFAULT NULL,
  `createTime` datetime DEFAULT NULL,
  PRIMARY KEY (`questionnaireID`)
) ENGINE=InnoDB DEFAULT CHARSET=utf8 COLLATE=utf8_bin;

-- 正在导出表  onlinemeeting.questionnaire 的数据：~3 rows (大约)
/*!40000 ALTER TABLE `questionnaire` DISABLE KEYS */;
INSERT INTO `questionnaire` (`questionnaireID`, `questionnaireName`, `createUser`, `createTime`) VALUES
	(1, '操作系统知识测试', '超级管理员', '2019-04-20 22:00:00'),
	(2, '计算机网络知识测试', '超级管理员', '2019-04-20 22:20:00'),
	(3, '软件工程知识测试', '超级管理员', '2019-04-20 22:40:00'),
	(4, '数据结构知识测试', '刘鑫', '2019-04-22 10:57:17'),
	(5, '操作系统测试', '刘鑫', '2019-04-24 01:33:03');
/*!40000 ALTER TABLE `questionnaire` ENABLE KEYS */;

-- 导出  表 onlinemeeting.questiontype 结构
CREATE TABLE IF NOT EXISTS `questiontype` (
  `questionTypeID` int(5) NOT NULL,
  `typeName` varchar(10) COLLATE utf8_bin NOT NULL,
  PRIMARY KEY (`questionTypeID`)
) ENGINE=InnoDB DEFAULT CHARSET=utf8 COLLATE=utf8_bin;

-- 正在导出表  onlinemeeting.questiontype 的数据：~2 rows (大约)
/*!40000 ALTER TABLE `questiontype` DISABLE KEYS */;
INSERT INTO `questiontype` (`questionTypeID`, `typeName`) VALUES
	(1, '单选题'),
	(2, '多选题'),
	(3, '简答题');
/*!40000 ALTER TABLE `questiontype` ENABLE KEYS */;

-- 导出  表 onlinemeeting.question_questionnaire 结构
CREATE TABLE IF NOT EXISTS `question_questionnaire` (
  `questionnaireID` int(5) NOT NULL,
  `questionID` int(5) NOT NULL,
  PRIMARY KEY (`questionnaireID`,`questionID`)
) ENGINE=InnoDB DEFAULT CHARSET=utf8 COLLATE=utf8_bin;

-- 正在导出表  onlinemeeting.question_questionnaire 的数据：~35 rows (大约)
/*!40000 ALTER TABLE `question_questionnaire` DISABLE KEYS */;
INSERT INTO `question_questionnaire` (`questionnaireID`, `questionID`) VALUES
	(1, 1),
	(1, 2),
	(1, 3),
	(1, 4),
	(1, 5),
	(1, 6),
	(1, 7),
	(1, 8),
	(1, 9),
	(1, 10),
	(1, 11),
	(1, 12),
	(1, 13),
	(1, 14),
	(1, 15),
	(1, 16),
	(1, 17),
	(1, 18),
	(1, 19),
	(1, 20),
	(2, 21),
	(2, 22),
	(2, 23),
	(2, 24),
	(2, 25),
	(3, 26),
	(3, 27),
	(3, 28),
	(3, 29),
	(3, 30),
	(4, 31),
	(4, 32),
	(4, 33),
	(4, 34),
	(4, 35),
	(5, 1),
	(5, 2),
	(5, 3),
	(5, 4),
	(5, 5);
/*!40000 ALTER TABLE `question_questionnaire` ENABLE KEYS */;

-- 导出  表 onlinemeeting.role 结构
CREATE TABLE IF NOT EXISTS `role` (
  `roleID` int(5) NOT NULL,
  `roleName` varchar(10) COLLATE utf8_bin NOT NULL,
  `roleDescript` varchar(50) COLLATE utf8_bin NOT NULL,
  `createName` varchar(10) COLLATE utf8_bin NOT NULL,
  `createTime` datetime NOT NULL,
  PRIMARY KEY (`roleID`)
) ENGINE=InnoDB DEFAULT CHARSET=utf8 COLLATE=utf8_bin;

-- 正在导出表  onlinemeeting.role 的数据：~6 rows (大约)
/*!40000 ALTER TABLE `role` DISABLE KEYS */;
INSERT INTO `role` (`roleID`, `roleName`, `roleDescript`, `createName`, `createTime`) VALUES
	(1, '超级管理员', '在系统中拥有至高无上的权利', '超级管理员', '2019-04-05 00:00:00'),
	(2, '管理员', '对系统人员和日志进行管理', '超级管理员', '2019-04-05 00:00:00'),
	(3, '测试人员', '专门用于测试系统的用户', '超级管理员', '2019-04-05 00:00:00'),
	(4, '普通用户', '普通的用户', '超级管理员', '2019-04-05 00:00:00'),
	(5, '测试一单元用户', '只测试第一个单元', '刘鑫', '2019-04-18 04:43:21'),
	(6, '测试二单元用户', '只测试第二个单元', '刘鑫', '2019-04-18 04:43:39'),
	(7, '第三单元测试员', '只测试第三单元模块', '刘鑫', '2019-04-21 02:27:17');
/*!40000 ALTER TABLE `role` ENABLE KEYS */;

-- 导出  表 onlinemeeting.role_menu 结构
CREATE TABLE IF NOT EXISTS `role_menu` (
  `roleID` int(5) NOT NULL,
  `menuPermissionID` int(5) NOT NULL,
  PRIMARY KEY (`roleID`,`menuPermissionID`)
) ENGINE=InnoDB DEFAULT CHARSET=utf8 COLLATE=utf8_bin;

-- 正在导出表  onlinemeeting.role_menu 的数据：~58 rows (大约)
/*!40000 ALTER TABLE `role_menu` DISABLE KEYS */;
INSERT INTO `role_menu` (`roleID`, `menuPermissionID`) VALUES
	(1, 1),
	(1, 2),
	(1, 3),
	(1, 4),
	(1, 5),
	(1, 6),
	(1, 7),
	(1, 8),
	(1, 9),
	(1, 10),
	(1, 11),
	(1, 12),
	(1, 13),
	(1, 14),
	(1, 15),
	(1, 16),
	(1, 17),
	(1, 18),
	(1, 19),
	(2, 1),
	(2, 2),
	(2, 3),
	(3, 1),
	(3, 2),
	(3, 3),
	(3, 4),
	(3, 5),
	(3, 6),
	(3, 7),
	(3, 8),
	(3, 9),
	(3, 10),
	(3, 11),
	(3, 12),
	(3, 13),
	(3, 14),
	(3, 15),
	(3, 16),
	(3, 17),
	(3, 18),
	(3, 19),
	(4, 14),
	(4, 15),
	(4, 16),
	(4, 17),
	(4, 18),
	(4, 19),
	(5, 15),
	(5, 16),
	(5, 17),
	(5, 18),
	(5, 19),
	(6, 4),
	(6, 5),
	(6, 6),
	(6, 7),
	(7, 1),
	(7, 2),
	(7, 3);
/*!40000 ALTER TABLE `role_menu` ENABLE KEYS */;

-- 导出  表 onlinemeeting.sex 结构
CREATE TABLE IF NOT EXISTS `sex` (
  `sex` int(11) NOT NULL,
  `sexName` varchar(5) COLLATE utf8_bin NOT NULL,
  PRIMARY KEY (`sex`)
) ENGINE=InnoDB DEFAULT CHARSET=utf8 COLLATE=utf8_bin;

-- 正在导出表  onlinemeeting.sex 的数据：~3 rows (大约)
/*!40000 ALTER TABLE `sex` DISABLE KEYS */;
INSERT INTO `sex` (`sex`, `sexName`) VALUES
	(0, '男'),
	(1, '女'),
	(2, '其他');
/*!40000 ALTER TABLE `sex` ENABLE KEYS */;

-- 导出  表 onlinemeeting.status 结构
CREATE TABLE IF NOT EXISTS `status` (
  `statusID` int(5) NOT NULL,
  `statusName` varchar(5) COLLATE utf8_bin NOT NULL,
  PRIMARY KEY (`statusID`)
) ENGINE=InnoDB DEFAULT CHARSET=utf8 COLLATE=utf8_bin;

-- 正在导出表  onlinemeeting.status 的数据：~2 rows (大约)
/*!40000 ALTER TABLE `status` DISABLE KEYS */;
INSERT INTO `status` (`statusID`, `statusName`) VALUES
	(0, '禁用'),
	(1, '激活');
/*!40000 ALTER TABLE `status` ENABLE KEYS */;

-- 导出  表 onlinemeeting.user 结构
CREATE TABLE IF NOT EXISTS `user` (
  `userID` int(5) NOT NULL,
  `name` varchar(20) COLLATE utf8_bin NOT NULL,
  `username` varchar(20) COLLATE utf8_bin NOT NULL,
  `password` varchar(20) COLLATE utf8_bin NOT NULL,
  `domianID` int(5) NOT NULL,
  `roleID` int(5) NOT NULL,
  `tellphone` varchar(15) COLLATE utf8_bin DEFAULT NULL,
  `email` varchar(20) COLLATE utf8_bin DEFAULT NULL,
  `statusID` int(5) NOT NULL,
  `createTime` datetime NOT NULL,
  `sex` int(5) NOT NULL,
  `birthday` date DEFAULT NULL,
  `school` varchar(20) COLLATE utf8_bin DEFAULT NULL,
  `personalNotes` varchar(50) COLLATE utf8_bin DEFAULT NULL,
  `hometown` varchar(50) COLLATE utf8_bin DEFAULT NULL,
  PRIMARY KEY (`username`,`userID`),
  KEY `FK1_user_role` (`roleID`),
  KEY `FK2_user_status` (`statusID`),
  KEY `FK3_user_sex` (`sex`),
  KEY `FK4_user_userdomain` (`domianID`),
  CONSTRAINT `FK1_user_role` FOREIGN KEY (`roleID`) REFERENCES `role` (`roleID`),
  CONSTRAINT `FK2_user_status` FOREIGN KEY (`statusID`) REFERENCES `status` (`statusID`),
  CONSTRAINT `FK3_user_sex` FOREIGN KEY (`sex`) REFERENCES `sex` (`sex`),
  CONSTRAINT `FK4_user_userdomain` FOREIGN KEY (`domianID`) REFERENCES `userdomain` (`domainID`)
) ENGINE=InnoDB DEFAULT CHARSET=utf8 COLLATE=utf8_bin;

-- 正在导出表  onlinemeeting.user 的数据：~79 rows (大约)
/*!40000 ALTER TABLE `user` DISABLE KEYS */;
INSERT INTO `user` (`userID`, `name`, `username`, `password`, `domianID`, `roleID`, `tellphone`, `email`, `statusID`, `createTime`, `sex`, `birthday`, `school`, `personalNotes`, `hometown`) VALUES
	(1, '刘鑫', 'admin', '123456', 1, 1, '17729845530', '1021145956@qq.com', 1, '2019-04-05 00:00:00', 0, '2000-11-11', '四川师范大学', '蔡徐坤打球无所置疑，全宇宙最帅', '浙江省温江市'),
	(11, '蔡九', 'caijiu', '123456', 1, 4, '12345678910', '1234567891@qq.com', 1, '2019-04-08 00:00:00', 0, '2000-11-11', '四川师范大学', '蔡徐坤打球无所置疑，全宇宙最帅', '浙江省温江市'),
	(13, '蔡徐坤1号', 'caixukun1', '123456', 7, 4, '12345678910', '1234567891@qq.com', 1, '2019-04-08 00:00:00', 1, '2000-11-11', '四川师范大学', '蔡徐坤打球无所置疑，全宇宙最帅', '浙江省温江市'),
	(22, '蔡徐坤10号', 'caixukun10', '123456', 7, 4, '12345678910', '1234567891@qq.com', 1, '2019-04-08 00:00:00', 1, '2000-11-11', '四川师范大学', '蔡徐坤打球无所置疑，全宇宙最帅', '浙江省温江市'),
	(23, '蔡徐坤11号', 'caixukun11', '123456', 7, 4, '12345678910', '1234567891@qq.com', 1, '2019-04-08 00:00:00', 1, '2000-11-11', '四川师范大学', '蔡徐坤打球无所置疑，全宇宙最帅', '浙江省温江市'),
	(24, '蔡徐坤12号', 'caixukun12', '123456', 7, 4, '12345678910', '1234567891@qq.com', 1, '2019-04-08 00:00:00', 1, '2000-11-11', '四川师范大学', '蔡徐坤打球无所置疑，全宇宙最帅', '浙江省温江市'),
	(25, '蔡徐坤13号', 'caixukun13', '123456', 7, 4, '12345678910', '1234567891@qq.com', 1, '2019-04-08 00:00:00', 1, '2000-11-11', '四川师范大学', '蔡徐坤打球无所置疑，全宇宙最帅', '浙江省温江市'),
	(26, '蔡徐坤14号', 'caixukun14', '123456', 7, 4, '12345678910', '1234567891@qq.com', 1, '2019-04-08 00:00:00', 1, '2000-11-11', '四川师范大学', '蔡徐坤打球无所置疑，全宇宙最帅', '浙江省温江市'),
	(27, '蔡徐坤15号', 'caixukun15', '123456', 7, 4, '12345678910', '1234567891@qq.com', 1, '2019-04-08 00:00:00', 1, '2000-11-11', '四川师范大学', '蔡徐坤打球无所置疑，全宇宙最帅', '浙江省温江市'),
	(28, '蔡徐坤16号', 'caixukun16', '123456', 7, 4, '12345678910', '1234567891@qq.com', 1, '2019-04-08 00:00:00', 1, '2000-11-11', '四川师范大学', '蔡徐坤打球无所置疑，全宇宙最帅', '浙江省温江市'),
	(29, '蔡徐坤17号', 'caixukun17', '123456', 7, 4, '12345678910', '1234567891@qq.com', 1, '2019-04-08 00:00:00', 1, '2000-11-11', '四川师范大学', '蔡徐坤打球无所置疑，全宇宙最帅', '浙江省温江市'),
	(30, '蔡徐坤18号', 'caixukun18', '123456', 7, 4, '12345678910', '1234567891@qq.com', 1, '2019-04-08 00:00:00', 1, '2000-11-11', '四川师范大学', '蔡徐坤打球无所置疑，全宇宙最帅', '浙江省温江市'),
	(31, '蔡徐坤19号', 'caixukun19', '123456', 7, 4, '12345678910', '1234567891@qq.com', 1, '2019-04-08 00:00:00', 1, '2000-11-11', '四川师范大学', '蔡徐坤打球无所置疑，全宇宙最帅', '浙江省温江市'),
	(14, '蔡徐坤2号', 'caixukun2', '123456', 7, 4, '12345678910', '1234567891@qq.com', 1, '2019-04-08 00:00:00', 1, '2000-11-11', '四川师范大学', '蔡徐坤打球无所置疑，全宇宙最帅', '浙江省温江市'),
	(32, '蔡徐坤20号', 'caixukun20', '123456', 7, 4, '12345678910', '1234567891@qq.com', 1, '2019-04-08 00:00:00', 1, '2000-11-11', '四川师范大学', '蔡徐坤打球无所置疑，全宇宙最帅', '浙江省温江市'),
	(33, '蔡徐坤21号', 'caixukun21', '123456', 7, 4, '12345678910', '1234567891@qq.com', 1, '2019-04-08 00:00:00', 1, '2000-11-11', '四川师范大学', '蔡徐坤打球无所置疑，全宇宙最帅', '浙江省温江市'),
	(34, '蔡徐坤22号', 'caixukun22', '123456', 7, 4, '12345678910', '1234567891@qq.com', 1, '2019-04-08 00:00:00', 1, '2000-11-11', '四川师范大学', '蔡徐坤打球无所置疑，全宇宙最帅', '浙江省温江市'),
	(35, '蔡徐坤23号', 'caixukun23', '123456', 7, 4, '12345678910', '1234567891@qq.com', 1, '2019-04-08 00:00:00', 1, '2000-11-11', '四川师范大学', '蔡徐坤打球无所置疑，全宇宙最帅', '浙江省温江市'),
	(36, '蔡徐坤24号', 'caixukun24', '123456', 7, 4, '12345678910', '1234567891@qq.com', 1, '2019-04-08 00:00:00', 1, '2000-11-11', '四川师范大学', '蔡徐坤打球无所置疑，全宇宙最帅', '浙江省温江市'),
	(37, '蔡徐坤25号', 'caixukun25', '123456', 7, 4, '12345678910', '1234567891@qq.com', 1, '2019-04-08 00:00:00', 1, '2000-11-11', '四川师范大学', '蔡徐坤打球无所置疑，全宇宙最帅', '浙江省温江市'),
	(38, '蔡徐坤26号', 'caixukun26', '123456', 7, 4, '12345678910', '1234567891@qq.com', 1, '2019-04-08 00:00:00', 1, '2000-11-11', '四川师范大学', '蔡徐坤打球无所置疑，全宇宙最帅', '浙江省温江市'),
	(39, '蔡徐坤27号', 'caixukun27', '123456', 7, 4, '12345678910', '1234567891@qq.com', 1, '2019-04-08 00:00:00', 1, '2000-11-11', '四川师范大学', '蔡徐坤打球无所置疑，全宇宙最帅', '浙江省温江市'),
	(40, '蔡徐坤28号', 'caixukun28', '123456', 7, 4, '12345678910', '1234567891@qq.com', 1, '2019-04-08 00:00:00', 1, '2000-11-11', '四川师范大学', '蔡徐坤打球无所置疑，全宇宙最帅', '浙江省温江市'),
	(41, '蔡徐坤29号', 'caixukun29', '123456', 7, 4, '12345678910', '1234567891@qq.com', 1, '2019-04-08 00:00:00', 1, '2000-11-11', '四川师范大学', '蔡徐坤打球无所置疑，全宇宙最帅', '浙江省温江市'),
	(15, '蔡徐坤3号', 'caixukun3', '123456', 7, 4, '12345678910', '1234567891@qq.com', 0, '2019-04-08 00:00:00', 1, '2000-11-11', '四川师范大学', '蔡徐坤打球无所置疑，全宇宙最帅', '浙江省温江市'),
	(42, '蔡徐坤30号', 'caixukun30', '123456', 7, 4, '12345678910', '1234567891@qq.com', 1, '2019-04-08 00:00:00', 1, '2000-11-11', '四川师范大学', '蔡徐坤打球无所置疑，全宇宙最帅', '浙江省温江市'),
	(43, '蔡徐坤31号', 'caixukun31', '123456', 7, 4, '12345678910', '1234567891@qq.com', 1, '2019-04-08 00:00:00', 1, '2000-11-11', '四川师范大学', '蔡徐坤打球无所置疑，全宇宙最帅', '浙江省温江市'),
	(44, '蔡徐坤32号', 'caixukun32', '123456', 7, 4, '12345678910', '1234567891@qq.com', 1, '2019-04-08 00:00:00', 1, '2000-11-11', '四川师范大学', '蔡徐坤打球无所置疑，全宇宙最帅', '浙江省温江市'),
	(45, '蔡徐坤33号', 'caixukun33', '123456', 7, 4, '12345678910', '1234567891@qq.com', 1, '2019-04-08 00:00:00', 1, '2000-11-11', '四川师范大学', '蔡徐坤打球无所置疑，全宇宙最帅', '浙江省温江市'),
	(46, '蔡徐坤34号', 'caixukun34', '123456', 7, 4, '12345678910', '1234567891@qq.com', 1, '2019-04-08 00:00:00', 1, '2000-11-11', '四川师范大学', '蔡徐坤打球无所置疑，全宇宙最帅', '浙江省温江市'),
	(47, '蔡徐坤35号', 'caixukun35', '123456', 7, 4, '12345678910', '1234567891@qq.com', 1, '2019-04-08 00:00:00', 1, '2000-11-11', '四川师范大学', '蔡徐坤打球无所置疑，全宇宙最帅', '浙江省温江市'),
	(48, '蔡徐坤36号', 'caixukun36', '123456', 7, 4, '12345678910', '1234567891@qq.com', 1, '2019-04-08 00:00:00', 1, '2000-11-11', '四川师范大学', '蔡徐坤打球无所置疑，全宇宙最帅', '浙江省温江市'),
	(49, '蔡徐坤37号', 'caixukun37', '123456', 7, 4, '12345678910', '1234567891@qq.com', 1, '2019-04-08 00:00:00', 1, '2000-11-11', '四川师范大学', '蔡徐坤打球无所置疑，全宇宙最帅', '浙江省温江市'),
	(50, '蔡徐坤38号', 'caixukun38', '123456', 7, 4, '12345678910', '1234567891@qq.com', 1, '2019-04-08 00:00:00', 1, '2000-11-11', '四川师范大学', '蔡徐坤打球无所置疑，全宇宙最帅', '浙江省温江市'),
	(51, '蔡徐坤39号', 'caixukun39', '123456', 7, 4, '12345678910', '1234567891@qq.com', 1, '2019-04-08 00:00:00', 1, '2000-11-11', '四川师范大学', '蔡徐坤打球无所置疑，全宇宙最帅', '浙江省温江市'),
	(16, '蔡徐坤4号', 'caixukun4', '123456', 7, 4, '12345678910', '1234567891@qq.com', 1, '2019-04-08 00:00:00', 1, '2000-11-11', '四川师范大学', '蔡徐坤打球无所置疑，全宇宙最帅', '浙江省温江市'),
	(52, '蔡徐坤40号', 'caixukun40', '123456', 7, 4, '12345678910', '1234567891@qq.com', 1, '2019-04-08 00:00:00', 1, '2000-11-11', '四川师范大学', '蔡徐坤打球无所置疑，全宇宙最帅', '浙江省温江市'),
	(53, '蔡徐坤41号', 'caixukun41', '123456', 7, 4, '12345678910', '1234567891@qq.com', 1, '2019-04-08 00:00:00', 1, '2000-11-11', '四川师范大学', '蔡徐坤打球无所置疑，全宇宙最帅', '浙江省温江市'),
	(54, '蔡徐坤42号', 'caixukun42', '123456', 7, 4, '12345678910', '1234567891@qq.com', 1, '2019-04-08 00:00:00', 1, '2000-11-11', '四川师范大学', '蔡徐坤打球无所置疑，全宇宙最帅', '浙江省温江市'),
	(55, '蔡徐坤43号', 'caixukun43', '123456', 7, 4, '12345678910', '1234567891@qq.com', 1, '2019-04-08 00:00:00', 1, '2000-11-11', '四川师范大学', '蔡徐坤打球无所置疑，全宇宙最帅', '浙江省温江市'),
	(56, '蔡徐坤44号', 'caixukun44', '123456', 7, 4, '12345678910', '1234567891@qq.com', 1, '2019-04-08 00:00:00', 1, '2000-11-11', '四川师范大学', '蔡徐坤打球无所置疑，全宇宙最帅', '浙江省温江市'),
	(57, '蔡徐坤45号', 'caixukun45', '123456', 7, 4, '12345678910', '1234567891@qq.com', 1, '2019-04-08 00:00:00', 1, '2000-11-11', '四川师范大学', '蔡徐坤打球无所置疑，全宇宙最帅', '浙江省温江市'),
	(58, '蔡徐坤46号', 'caixukun46', '123456', 7, 4, '12345678910', '1234567891@qq.com', 1, '2019-04-08 00:00:00', 1, '2000-11-11', '四川师范大学', '蔡徐坤打球无所置疑，全宇宙最帅', '浙江省温江市'),
	(59, '蔡徐坤47号', 'caixukun47', '123456', 7, 4, '12345678910', '1234567891@qq.com', 1, '2019-04-08 00:00:00', 1, '2000-11-11', '四川师范大学', '蔡徐坤打球无所置疑，全宇宙最帅', '浙江省温江市'),
	(60, '蔡徐坤48号', 'caixukun48', '123456', 7, 4, '12345678910', '1234567891@qq.com', 1, '2019-04-08 00:00:00', 1, '2000-11-11', '四川师范大学', '蔡徐坤打球无所置疑，全宇宙最帅', '浙江省温江市'),
	(61, '蔡徐坤49号', 'caixukun49', '123456', 7, 4, '12345678910', '1234567891@qq.com', 1, '2019-04-08 00:00:00', 1, '2000-11-11', '四川师范大学', '蔡徐坤打球无所置疑，全宇宙最帅', '浙江省温江市'),
	(17, '蔡徐坤5号', 'caixukun5', '123456', 7, 4, '12345678910', '1234567891@qq.com', 1, '2019-04-08 00:00:00', 1, '2000-11-11', '四川师范大学', '蔡徐坤打球无所置疑，全宇宙最帅', '浙江省温江市'),
	(62, '蔡徐坤50号', 'caixukun50', '123456', 7, 4, '12345678910', '1234567891@qq.com', 1, '2019-04-08 00:00:00', 1, '2000-11-11', '四川师范大学', '蔡徐坤打球无所置疑，全宇宙最帅', '浙江省温江市'),
	(63, '蔡徐坤51号', 'caixukun51', '123456', 7, 4, '12345678910', '1234567891@qq.com', 1, '2019-04-08 00:00:00', 1, '2000-11-11', '四川师范大学', '蔡徐坤打球无所置疑，全宇宙最帅', '浙江省温江市'),
	(64, '蔡徐坤52号', 'caixukun52', '123456', 7, 4, '12345678910', '1234567891@qq.com', 1, '2019-04-08 00:00:00', 1, '2000-11-11', '四川师范大学', '蔡徐坤打球无所置疑，全宇宙最帅', '浙江省温江市'),
	(65, '蔡徐坤53号', 'caixukun53', '123456', 7, 4, '12345678910', '1234567891@qq.com', 1, '2019-04-08 00:00:00', 1, '2000-11-11', '四川师范大学', '蔡徐坤打球无所置疑，全宇宙最帅', '浙江省温江市'),
	(66, '蔡徐坤54号', 'caixukun54', '123456', 7, 4, '12345678910', '1234567891@qq.com', 1, '2019-04-08 00:00:00', 1, '2000-11-11', '四川师范大学', '蔡徐坤打球无所置疑，全宇宙最帅', '浙江省温江市'),
	(67, '蔡徐坤55号', 'caixukun55', '123456', 7, 4, '12345678910', '1234567891@qq.com', 1, '2019-04-08 00:00:00', 1, '2000-11-11', '四川师范大学', '蔡徐坤打球无所置疑，全宇宙最帅', '浙江省温江市'),
	(68, '蔡徐坤56号', 'caixukun56', '123456', 7, 4, '12345678910', '1234567891@qq.com', 1, '2019-04-08 00:00:00', 1, '2000-11-11', '四川师范大学', '蔡徐坤打球无所置疑，全宇宙最帅', '浙江省温江市'),
	(69, '蔡徐坤57号', 'caixukun57', '123456', 7, 4, '12345678910', '1234567891@qq.com', 1, '2019-04-08 00:00:00', 1, '2000-11-11', '四川师范大学', '蔡徐坤打球无所置疑，全宇宙最帅', '浙江省温江市'),
	(70, '蔡徐坤58号', 'caixukun58', '123456', 7, 4, '12345678910', '1234567891@qq.com', 1, '2019-04-08 00:00:00', 1, '2000-11-11', '四川师范大学', '蔡徐坤打球无所置疑，全宇宙最帅', '浙江省温江市'),
	(71, '蔡徐坤59号', 'caixukun59', '123456', 7, 4, '12345678910', '1234567891@qq.com', 1, '2019-04-08 00:00:00', 1, '2000-11-11', '四川师范大学', '蔡徐坤打球无所置疑，全宇宙最帅', '浙江省温江市'),
	(18, '蔡徐坤6号', 'caixukun6', '123456', 7, 4, '12345678910', '1234567891@qq.com', 1, '2019-04-08 00:00:00', 1, '2000-11-11', '四川师范大学', '蔡徐坤打球无所置疑，全宇宙最帅', '浙江省温江市'),
	(72, '蔡徐坤60号', 'caixukun60', '123456', 7, 4, '12345678910', '1234567891@qq.com', 1, '2019-04-08 00:00:00', 1, '2000-11-11', '四川师范大学', '蔡徐坤打球无所置疑，全宇宙最帅', '浙江省温江市'),
	(73, '蔡徐坤61号', 'caixukun61', '123456', 7, 4, '12345678910', '1234567891@qq.com', 1, '2019-04-08 00:00:00', 1, '2000-11-11', '四川师范大学', '蔡徐坤打球无所置疑，全宇宙最帅', '浙江省温江市'),
	(74, '蔡徐坤62号', 'caixukun62', '123456', 7, 4, '12345678910', '1234567891@qq.com', 1, '2019-04-08 00:00:00', 1, '2000-11-11', '四川师范大学', '蔡徐坤打球无所置疑，全宇宙最帅', '浙江省温江市'),
	(75, '蔡徐坤63号', 'caixukun63', '123456', 7, 4, '12345678910', '1234567891@qq.com', 1, '2019-04-08 00:00:00', 1, '2000-11-11', '四川师范大学', '蔡徐坤打球无所置疑，全宇宙最帅', '浙江省温江市'),
	(76, '蔡徐坤64号', 'caixukun64', '123456', 7, 4, '12345678910', '1234567891@qq.com', 1, '2019-04-08 00:00:00', 1, '2000-11-11', '四川师范大学', '蔡徐坤打球无所置疑，全宇宙最帅', '浙江省温江市'),
	(77, '蔡徐坤65号', 'caixukun65', '123456', 7, 4, '12345678910', '1234567891@qq.com', 1, '2019-04-08 00:00:00', 1, '2000-11-11', '四川师范大学', '蔡徐坤打球无所置疑，全宇宙最帅', '浙江省温江市'),
	(78, '蔡徐坤66号', 'caixukun66', '123456', 7, 4, '12345678910', '1234567891@qq.com', 1, '2019-04-08 00:00:00', 1, '2000-11-11', '四川师范大学', '蔡徐坤打球无所置疑，全宇宙最帅', '浙江省温江市'),
	(19, '蔡徐坤7号', 'caixukun7', '123456', 7, 4, '12345678910', '1234567891@qq.com', 1, '2019-04-08 00:00:00', 1, '2000-11-11', '四川师范大学', '蔡徐坤打球无所置疑，全宇宙最帅', '浙江省温江市'),
	(20, '蔡徐坤8号', 'caixukun8', '123456', 7, 4, '12345678910', '1234567891@qq.com', 1, '2019-04-08 00:00:00', 1, '2000-11-11', '四川师范大学', '蔡徐坤打球无所置疑，全宇宙最帅', '浙江省温江市'),
	(21, '蔡徐坤9号', 'caixukun9', '123456', 7, 4, '12345678910', '1234567891@qq.com', 1, '2019-04-08 00:00:00', 1, '2000-11-11', '四川师范大学', '蔡徐坤打球无所置疑，全宇宙最帅', '浙江省温江市'),
	(2, '测试员1', 'ceshi1', '123456', 1, 3, '17729845531', '1261151861@qq.com', 1, '2019-04-05 00:00:00', 0, '2000-11-11', '四川师范大学', '蔡徐坤打球无所置疑，全宇宙最帅', '浙江省温江市'),
	(3, '测试员2', 'ceshi2', '123456', 1, 3, '17729845531', '1261151861@qq.com', 0, '2019-04-05 00:00:00', 0, '2000-11-11', '四川师范大学', '蔡徐坤打球无所置疑，全宇宙最帅', '浙江省温江市'),
	(4, '测试员3', 'ceshi3', '123456', 1, 3, '17729845531', '1261151861@qq.com', 1, '2019-04-05 00:00:00', 0, '2000-11-11', '四川师范大学', '蔡徐坤打球无所置疑，全宇宙最帅', '浙江省温江市'),
	(80, '测试员1', 'ceshiyuan1', '123456', 2, 3, '17729845530', '1021145956@qq.com', 1, '2019-04-21 02:25:19', 2, '2000-11-11', '四川师范大学', '蔡徐坤打球无所置疑，全宇宙最帅', '四川省成都市'),
	(12, '陈十', 'chenshi', '123456', 1, 4, '12345678910', '1234567891@qq.com', 1, '2019-04-08 00:00:00', 0, '2000-11-11', '四川师范大学', '蔡徐坤打球无所置疑，全宇宙最帅', '浙江省温江市'),
	(6, '李四', 'lisi', '123456', 1, 4, '12345678910', '1234567891@qq.com', 0, '2019-04-08 00:00:00', 0, '2000-11-11', '四川师范大学', '蔡徐坤打球无所置疑，全宇宙最帅', '浙江省温江市'),
	(7, '王五', 'wangwu', '123456', 1, 4, '12345678910', '1234567891@qq.com', 1, '2019-04-08 00:00:00', 0, '2000-11-11', '四川师范大学', '蔡徐坤打球无所置疑，全宇宙最帅', '浙江省温江市'),
	(79, '吴亦凡', 'wuyifan', '123456', 7, 2, '17729845530', '1261151861@qq.com', 1, '2019-04-13 12:59:33', 2, '2000-11-11', '四川师范大学', '蔡徐坤打球无所置疑，全宇宙最帅', '四川省成都市'),
	(10, '杨八', 'yangba', '123456', 1, 4, '12345678910', '1234567891@qq.com', 0, '2019-04-08 00:00:00', 0, '2000-11-11', '四川师范大学', '蔡徐坤打球无所置疑，全宇宙最帅', '浙江省温江市'),
	(5, '张三', 'zhangsan', '123456', 1, 4, '12345678910', '1234567891@qq.com', 1, '2019-04-08 00:00:00', 0, '2000-11-11', '四川师范大学', '蔡徐坤打球无所置疑，全宇宙最帅', '浙江省温江市'),
	(8, '赵六', 'zhaoliu', '123456', 1, 4, '12345678910', '1234567891@qq.com', 0, '2019-04-08 00:00:00', 0, '2000-11-11', '四川师范大学', '蔡徐坤打球无所置疑，全宇宙最帅', '浙江省温江市'),
	(9, '周七', 'zhouqi', '123456', 1, 4, '12345678910', '1234567891@qq.com', 1, '2019-04-08 00:00:00', 0, '2000-11-11', '四川师范大学', '蔡徐坤打球无所置疑，全宇宙最帅', '浙江省温江市');
/*!40000 ALTER TABLE `user` ENABLE KEYS */;

-- 导出  表 onlinemeeting.userdomain 结构
CREATE TABLE IF NOT EXISTS `userdomain` (
  `domainID` int(5) NOT NULL,
  `domainName` varchar(50) COLLATE utf8_bin NOT NULL,
  `createName` varchar(20) COLLATE utf8_bin DEFAULT NULL,
  `createTime` datetime DEFAULT NULL,
  PRIMARY KEY (`domainID`)
) ENGINE=InnoDB DEFAULT CHARSET=utf8 COLLATE=utf8_bin;

-- 正在导出表  onlinemeeting.userdomain 的数据：~7 rows (大约)
/*!40000 ALTER TABLE `userdomain` DISABLE KEYS */;
INSERT INTO `userdomain` (`domainID`, `domainName`, `createName`, `createTime`) VALUES
	(1, '四川师范大学计算机科学学院2015级3班网络工程', '超级管理员', '2019-04-11 00:00:00'),
	(2, '四川师范大学计算机科学学院2015级4班软件工程', '超级管理员', '2019-04-11 00:00:00'),
	(3, '四川师范大学计算机科学学院2015级1班计算机科学与技术', '超级管理员', '2019-04-11 00:00:00'),
	(4, '四川师范大学计算机科学学院2015级2班嵌入式', '超级管理员', '2019-04-11 00:00:00'),
	(5, '四川师范大学计算机科学学院2015级5班电子商务', '超级管理员', '2019-04-11 00:00:00'),
	(6, '四川师范大学计算机科学学院2015级6班教育技术学', '超级管理员', '2019-04-11 00:00:00'),
	(7, '韩国二年级练习生', '超级管理员', '2019-04-11 00:00:00'),
	(8, '四川师范大学计算机科学学院2014级3班网络工程', '', '2019-04-15 11:03:40');
/*!40000 ALTER TABLE `userdomain` ENABLE KEYS */;

-- 导出  表 onlinemeeting.user_meeting 结构
CREATE TABLE IF NOT EXISTS `user_meeting` (
  `userID` int(5) NOT NULL,
  `meetingID` int(5) NOT NULL,
  PRIMARY KEY (`userID`,`meetingID`)
) ENGINE=InnoDB DEFAULT CHARSET=utf8 COLLATE=utf8_bin COMMENT='用户会议表';

-- 正在导出表  onlinemeeting.user_meeting 的数据：~119 rows (大约)
/*!40000 ALTER TABLE `user_meeting` DISABLE KEYS */;
INSERT INTO `user_meeting` (`userID`, `meetingID`) VALUES
	(1, 1),
	(1, 2),
	(1, 3),
	(1, 4),
	(1, 5),
	(1, 6),
	(1, 7),
	(1, 8),
	(1, 9),
	(1, 10),
	(1, 11),
	(1, 12),
	(1, 13),
	(2, 1),
	(2, 11),
	(3, 1),
	(3, 2),
	(3, 3),
	(3, 4),
	(3, 5),
	(3, 6),
	(3, 7),
	(3, 8),
	(4, 1),
	(4, 2),
	(4, 3),
	(4, 4),
	(4, 5),
	(4, 6),
	(4, 7),
	(4, 8),
	(4, 11),
	(5, 1),
	(5, 2),
	(5, 3),
	(5, 4),
	(5, 5),
	(5, 6),
	(5, 7),
	(5, 8),
	(6, 1),
	(6, 2),
	(6, 3),
	(6, 4),
	(6, 5),
	(6, 6),
	(6, 7),
	(6, 8),
	(7, 1),
	(7, 2),
	(7, 3),
	(7, 4),
	(7, 5),
	(7, 6),
	(7, 7),
	(7, 8),
	(7, 11),
	(8, 2),
	(8, 3),
	(8, 4),
	(8, 5),
	(8, 6),
	(8, 7),
	(8, 8),
	(9, 2),
	(9, 3),
	(9, 4),
	(9, 5),
	(9, 6),
	(9, 7),
	(9, 8),
	(9, 11),
	(10, 4),
	(10, 10),
	(12, 1),
	(13, 1),
	(13, 4),
	(13, 11),
	(14, 4),
	(14, 11),
	(15, 4),
	(15, 5),
	(15, 6),
	(16, 4),
	(16, 5),
	(16, 6),
	(17, 4),
	(18, 4),
	(19, 4),
	(20, 4),
	(21, 4),
	(22, 1),
	(22, 4),
	(23, 4),
	(23, 5),
	(23, 6),
	(23, 11),
	(24, 4),
	(24, 5),
	(25, 4),
	(25, 6),
	(27, 4),
	(28, 5),
	(28, 6),
	(29, 4),
	(29, 5),
	(29, 6),
	(30, 4),
	(31, 6),
	(32, 4),
	(32, 11),
	(33, 5),
	(33, 11),
	(34, 5),
	(34, 11),
	(35, 6),
	(36, 4),
	(79, 11);
/*!40000 ALTER TABLE `user_meeting` ENABLE KEYS */;

-- 导出  触发器 onlinemeeting.discussion_after_update 结构
SET @OLDTMP_SQL_MODE=@@SQL_MODE, SQL_MODE='NO_ENGINE_SUBSTITUTION';
DELIMITER //
CREATE TRIGGER `discussion_after_update` AFTER UPDATE ON `discussion` FOR EACH ROW BEGIN
 
 delete from dephilanswer where dephilanswer.discussionID = old.discussionID;
 
 
END//
DELIMITER ;
SET SQL_MODE=@OLDTMP_SQL_MODE;

-- 导出  触发器 onlinemeeting.meeting_after_delete 结构
SET @OLDTMP_SQL_MODE=@@SQL_MODE, SQL_MODE='NO_ENGINE_SUBSTITUTION';
DELIMITER //
CREATE TRIGGER `meeting_after_delete` AFTER DELETE ON `meeting` FOR EACH ROW BEGIN

delete from user_meeting where user_meeting.meetingID = old.meetingID;

END//
DELIMITER ;
SET SQL_MODE=@OLDTMP_SQL_MODE;

-- 导出  触发器 onlinemeeting.questionnaire_after_delete 结构
SET @OLDTMP_SQL_MODE=@@SQL_MODE, SQL_MODE='NO_ENGINE_SUBSTITUTION';
DELIMITER //
CREATE TRIGGER `questionnaire_after_delete` AFTER DELETE ON `questionnaire` FOR EACH ROW BEGIN

delete from question_questionnaire where question_questionnaire.questionnaireID = old.questionnaireID;


END//
DELIMITER ;
SET SQL_MODE=@OLDTMP_SQL_MODE;

-- 导出  触发器 onlinemeeting.question_after_delete 结构
SET @OLDTMP_SQL_MODE=@@SQL_MODE, SQL_MODE='NO_ENGINE_SUBSTITUTION';
DELIMITER //
CREATE TRIGGER `question_after_delete` AFTER DELETE ON `question` FOR EACH ROW BEGIN

delete from question_questionnaire where question_questionnaire.questionID = old.questionID;

END//
DELIMITER ;
SET SQL_MODE=@OLDTMP_SQL_MODE;

-- 导出  触发器 onlinemeeting.role_before_delete 结构
SET @OLDTMP_SQL_MODE=@@SQL_MODE, SQL_MODE='NO_ENGINE_SUBSTITUTION';
DELIMITER //
CREATE TRIGGER `role_before_delete` AFTER DELETE ON `role` FOR EACH ROW BEGIN

delete from role_menu where role_menu.roleID = old.roleID;
delete from user where user.roleID = old.roleID;

END//
DELIMITER ;
SET SQL_MODE=@OLDTMP_SQL_MODE;

-- 导出  触发器 onlinemeeting.user_after_delete 结构
SET @OLDTMP_SQL_MODE=@@SQL_MODE, SQL_MODE='NO_ENGINE_SUBSTITUTION';
DELIMITER //
CREATE TRIGGER `user_after_delete` AFTER DELETE ON `user` FOR EACH ROW BEGIN

delete from user_meeting where user_meeting.userID = old.userID;

END//
DELIMITER ;
SET SQL_MODE=@OLDTMP_SQL_MODE;

-- 导出  触发器 onlinemeeting.user_meeting_after_delete 结构
SET @OLDTMP_SQL_MODE=@@SQL_MODE, SQL_MODE='NO_ENGINE_SUBSTITUTION';
DELIMITER //
CREATE TRIGGER `user_meeting_after_delete` AFTER DELETE ON `user_meeting` FOR EACH ROW BEGIN

delete from groupchat where groupchat.meetingID = old.meetingID and groupchat.userID = old.userID;

END//
DELIMITER ;
SET SQL_MODE=@OLDTMP_SQL_MODE;

-- 导出  触发器 onlinemeeting.user_meeting_after_insert 结构
SET @OLDTMP_SQL_MODE=@@SQL_MODE, SQL_MODE='NO_ENGINE_SUBSTITUTION';
DELIMITER //
CREATE TRIGGER `user_meeting_after_insert` AFTER INSERT ON `user_meeting` FOR EACH ROW BEGIN

update meeting set meeting.meetingStatusID=3 where meeting.meetingStatusID = 3 and sysdate() between meeting.startTime and meeting.endTime;

END//
DELIMITER ;
SET SQL_MODE=@OLDTMP_SQL_MODE;

/*!40101 SET SQL_MODE=IFNULL(@OLD_SQL_MODE, '') */;
/*!40014 SET FOREIGN_KEY_CHECKS=IF(@OLD_FOREIGN_KEY_CHECKS IS NULL, 1, @OLD_FOREIGN_KEY_CHECKS) */;
/*!40101 SET CHARACTER_SET_CLIENT=@OLD_CHARACTER_SET_CLIENT */;
